귀소일자,지역명,현장소방서거리,현장안전센터거리,최대풍속,온도,습도,전체인력수합계,,,,,,,,,,,,,,
20190405,강원도 강릉시,27,12,5.6,16,18,16742,,,,,,,,,,,,,,
20220308,강원도 양양군,34,6,8.5,11,35,13864,,,,,,,,,,,,,,
20180329,강원도 강릉시,3,8,6.7,18,35,7174,,,,,,,,,,,,,,
20190407,강원도 홍천군,32,5,12.3,15,17,6657,,,,,,,,,,,,,,
20220309,강원도 원주시,29,8,9.1,12,22,4058,,,,,,,,,,,,,,
20150211,강원도 원주시,45,12,8.4,-10,26,3743,,,,,,,,,,,,,,
20190405,강원도 영월군,6,6,7.6,15,26,3559,,,,,,,,,,,,,,
20220412,강원도 횡성군,2,2,7.1,26,12,3354,,,,,,,,,,,,,,
20170509,강원도 영월군,14,12,11,22,12,2840,,,,,,,,,,,,,,
20170310,강원도 홍천군,30,4,7.1,7,24,2456,,,,,,,,,,,,,,
20110201,강원도 화천군,43,13,9.7,1,10,1872,,,,,,,,,,,,,,
20190102,강원도 정선군,11,11,5.2,2,19,1862,,,,,,,,,,,,,,
20220424,강원도 춘천시,16,18,6.8,21,50,1788,,,,,,,,,,,,,,
20120420,강원도 강릉시,15,15,11.3,14,56,1264,,,,,,,,,,,,,,
20180115,강원도 철원군,10,10,11.5,6,53,1229,,,,,,,,,,,,,,
20220412,강원도 양구군,27,19,6,22,24,1158,,,,,,,,,,,,,,
20170510,강원도 양구군,38,11,3.8,21,24,1140,,,,,,,,,,,,,,
20210219,강원도 화천군,7,7,9.2,-1,32,1028,,,,,,,,,,,,,,
20210219,강원도 영월군,7,7,8.1,-1,32,1028,,,,,,,,,,,,,,
20160401,강원도 삼척시,50,6,7.2,24,18,953,,,,,,,,,,,,,,
20110413,강원도 양양군,24,7,9.3,23,11,936,,,,,,,,,,,,,,
20220305,강원도 춘천시,7,7,8.5,8,51,915,,,,,,,,,,,,,,
20150326,강원도 춘천시,10,10,6.1,14,32,783,,,,,,,,,,,,,,
20150323,강원도 횡성군,20,20,8.1,8,14,732,,,,,,,,,,,,,,
20191231,강원도 인제군,26,10,4.9,-9,36,727,,,,,,,,,,,,,,
20130308,강원도 횡성군,50,13,6.4,14,35,721,,,,,,,,,,,,,,
20180420,강원도 철원군,26,11,9.1,21,49,633,,,,,,,,,,,,,,
20140324,강원도 삼척시,13,7,10.6,15,31,615,,,,,,,,,,,,,,
20150324,강원도 양양군,16,16,6,0,0,590,,,,,,,,,,,,,,
20160206,강원도 삼척시,48,7,8.3,-1,34,585,,,,,,,,,,,,,,
20221214,강원도 춘천시,16,6,9.1,-4,7,553,,,,,,,,,,,,,,
20190317,강원도 양구군,9,7,11.1,11,34,538,,,,,,,,,,,,,,
20150308,강원도 화천군,22,14,10.6,8,61,529,,,,,,,,,,,,,,
20150328,강원도 홍천군,20,0,6.4,17,5,520,,,,,,,,,,,,,,
20150423,강원도 홍천군,33,11,10.2,24,17,515,,,,,,,,,,,,,,
20220413,강원도 춘천시,20,10,7.1,23,22,506,,,,,,,,,,,,,,
20160219,강원도 인제군,7,3,5,8,41,504,,,,,,,,,,,,,,
20160120,강원도 양구군,9,9,10.9,-7,25,490,,,,,,,,,,,,,,
20130416,강원도 철원군,68,30,6.7,9,32,480,,,,,,,,,,,,,,
20120111,강원도 철원군,11,11,9.4,-3,39,475,,,,,,,,,,,,,,
20180422,강원도 양구군,9,9,8.7,25,15,471,,,,,,,,,,,,,,
20220222,강원도 화천군,13,7,8.4,1,18,462,,,,,,,,,,,,,,
20190506,강원도 고성군,16,16,8,27,17,457,,,,,,,,,,,,,,
20150325,강원도 양양군,25,19,8.9,12,14,445,,,,,,,,,,,,,,
20160331,강원도 인제군,46,6,6.1,17,12,442,,,,,,,,,,,,,,
20210221,강원도 원주시,29,28,6.5,12,30,421,,,,,,,,,,,,,,
20210221,강원도 강릉시,28,27,6.5,11,30,421,,,,,,,,,,,,,,
20191211,강원도 춘천시,6,6,7.7,7,45,411,,,,,,,,,,,,,,
20140307,강원도 속초시,12,20,8.3,2,17,411,,,,,,,,,,,,,,
20140426,강원도 고성군,42,9,13,20,34,395,,,,,,,,,,,,,,
20200415,강원도 홍천군,14,15,9.5,21,0,395,,,,,,,,,,,,,,
20121226,강원도 원주시,59,23,6.4,-8,42,385,,,,,,,,,,,,,,
20200326,강원도 홍천군,2,2,9.6,19,33,383,,,,,,,,,,,,,,
20210209,강원도 홍천군,20,12,10.6,6,27,369,,,,,,,,,,,,,,
20210209,강원도 강릉시,20,11,10.6,6,27,369,,,,,,,,,,,,,,
20140415,강원도 홍천군,53,22,11.3,23,0,352,,,,,,,,,,,,,,
20220519,강원도 양구군,40,30,7.3,18,30,343,,,,,,,,,,,,,,
20191031,강원도 강릉시,19,19,4.2,19,46,342,,,,,,,,,,,,,,
20221126,강원도 횡성군,6,6,10.8,15,46,341,,,,,,,,,,,,,,
20150322,강원도 고성군,29,17,7.3,15,7,337,,,,,,,,,,,,,,
20160402,강원도 홍천군,21,21,7.8,19,21,335,,,,,,,,,,,,,,
20150521,강원도 인제군,28,20,11.8,19,57,335,,,,,,,,,,,,,,
20220420,강원도 삼척시,19,19,7.1,22,17,331,,,,,,,,,,,,,,
20190130,강원도 인제군,18,13,10.3,10,37,330,,,,,,,,,,,,,,
20200413,강원도 홍천군,33,5,10.1,7,32,329,,,,,,,,,,,,,,
20190510,강원도 춘천시,11,13,3.9,25,29,329,,,,,,,,,,,,,,
20150428,강원도 양구군,26,10,6.7,26,12,328,,,,,,,,,,,,,,
20220225,강원도 춘천시,18,20,6.5,3,13,327,,,,,,,,,,,,,,
20150427,강원도 양양군,70,36,5.6,25,24,323,,,,,,,,,,,,,,
20150322,강원도 고성군,24,24,8.1,11,12,319,,,,,,,,,,,,,,
20171222,강원도 춘천시,7,7,6,7,54,315,,,,,,,,,,,,,,
20150427,강원도 속초시,36,6,9.1,22,36,314,,,,,,,,,,,,,,
20200404,강원도 화천군,17,9,9.3,13,35,313,,,,,,,,,,,,,,
20210324,강원도 평창군,13,13,8.2,17,25,310,,,,,,,,,,,,,,
20210324,강원도 삼척시,13,13,9.3,16,25,310,,,,,,,,,,,,,,
20210401,강원도 평창군,32,15,5.3,22,8,302,,,,,,,,,,,,,,
20210401,강원도 철원군,32,15,5.3,21,8,302,,,,,,,,,,,,,,
20111102,강원도 횡성군,57,22,3.7,14,63,299,,,,,,,,,,,,,,
20160328,강원도 횡성군,8,8,6.4,16,23,299,,,,,,,,,,,,,,
20160430,강원도 영월군,27,15,12.7,22,39,298,,,,,,,,,,,,,,
20130419,강원도 홍천군,55,13,5.1,8,59,295,,,,,,,,,,,,,,
20110406,강원도 횡성군,13,2,6.7,13,41,294,,,,,,,,,,,,,,
20150326,강원도 동해시,38,22,8.8,11,19,291,,,,,,,,,,,,,,
20120419,강원도 인제군,30,30,7.8,17,57,289,,,,,,,,,,,,,,
20140506,강원도 인제군,9,9,7.8,18,23,288,,,,,,,,,,,,,,
20140427,강원도 춘천시,54,21,6.2,0,0,280,,,,,,,,,,,,,,
20151102,강원도 원주시,60,9,5,0,60,279,,,,,,,,,,,,,,
20170319,강원도 원주시,50,10,8.2,13,34,278,,,,,,,,,,,,,,
20150605,강원도 삼척시,13,6,6.9,27,27,275,,,,,,,,,,,,,,
20210117,강원도 홍천군,8,8,9.4,1,17,275,,,,,,,,,,,,,,
20210117,강원도 화천군,8,8,9.4,0,17,275,,,,,,,,,,,,,,
20220226,강원도 원주시,32,5,8.1,4,61,274,,,,,,,,,,,,,,
20160402,강원도 철원군,28,13,7.2,22,10,271,,,,,,,,,,,,,,
20140426,강원도 평창군,43,22,8.1,18,43,269,,,,,,,,,,,,,,
20190416,강원도 양구군,26,19,7.1,22,23,269,,,,,,,,,,,,,,
20130112,강원도 홍천군,12,8,7.9,5,49,268,,,,,,,,,,,,,,
20190413,강원도 원주시,37,13,7.6,10,48,267,,,,,,,,,,,,,,
20140425,강원도 화천군,43,10,10.2,0,0,264,,,,,,,,,,,,,,
20140327,강원도 철원군,48,27,8.9,17,32,263,,,,,,,,,,,,,,
20150315,강원도 평창군,10,6,6.6,12,56,263,,,,,,,,,,,,,,
20150309,강원도 양양군,6,6,8.1,8,23,261,,,,,,,,,,,,,,
20160317,강원도 영월군,8,6,7.8,18,21,260,,,,,,,,,,,,,,
20150413,강원도 영월군,46,11,7.2,12,0,258,,,,,,,,,,,,,,
20180209,강원도 영월군,34,33,12.2,0,44,252,,,,,,,,,,,,,,
20150522,강원도 삼척시,34,32,8.6,20,34,252,,,,,,,,,,,,,,
20130611,강원도 홍천군,51,11,3,17,88,249,,,,,,,,,,,,,,
20210507,강원도 홍천군,39,8,11.2,17,46,248,,,,,,,,,,,,,,
20210507,강원도 정선군,39,7,11.2,17,46,248,,,,,,,,,,,,,,
20160416,강원도 정선군,15,15,9.3,15,35,248,,,,,,,,,,,,,,
20130228,강원도 홍천군,37,2,9.7,10,41,242,,,,,,,,,,,,,,
20210220,강원도 원주시,22,18,7.9,14,55,241,,,,,,,,,,,,,,
20210220,강원도 양구군,22,17,9.2,13,55,241,,,,,,,,,,,,,,
20151024,강원도 홍천군,36,35,7.2,18,29,241,,,,,,,,,,,,,,
20170424,강원도 홍천군,13,5,10.1,21,37,239,,,,,,,,,,,,,,
20150603,강원도 고성군,40,15,6.9,26,24,237,,,,,,,,,,,,,,
20170312,강원도 양구군,26,13,6.6,13,35,236,,,,,,,,,,,,,,
20190529,강원도 영월군,8,8,8,25,21,234,,,,,,,,,,,,,,
20170504,강원도 화천군,52,24,8.4,17,37,234,,,,,,,,,,,,,,
20131206,강원도 춘천시,28,6,9.5,7,0,234,,,,,,,,,,,,,,
20180817,강원도 춘천시,10,6,10.3,29,34,232,,,,,,,,,,,,,,
20210211,강원도 평창군,4,4,5.3,8,65,231,,,,,,,,,,,,,,
20150325,강원도 홍천군,46,13,11.3,12,19,229,,,,,,,,,,,,,,
20150505,강원도 횡성군,32,30,8.6,15,46,229,,,,,,,,,,,,,,
20150317,강원도 춘천시,45,19,8.9,17,30,227,,,,,,,,,,,,,,
20150423,강원도 원주시,35,35,5.6,21,17,225,,,,,,,,,,,,,,
20160208,강원도 정선군,14,14,8.6,0,60,222,,,,,,,,,,,,,,
20190124,강원도 속초시,24,16,7.7,3,20,221,,,,,,,,,,,,,,
20111028,강원도 원주시,16,16,5.2,15,60,217,,,,,,,,,,,,,,
20150324,강원도 고성군,32,21,7.9,13,0,216,,,,,,,,,,,,,,
20110311,강원도 평창군,17,10,8.5,5,43,214,,,,,,,,,,,,,,
20191212,강원도 춘천시,19,19,5,5,45,214,,,,,,,,,,,,,,
20150412,강원도 삼척시,12,3,5.6,13,55,213,,,,,,,,,,,,,,
20111208,강원도 원주시,26,8,8.1,8,28,212,,,,,,,,,,,,,,
20150531,강원도 동해시,42,37,8.7,21,55,211,,,,,,,,,,,,,,
20110413,강원도 강릉시,27,9,9.5,21,15,209,,,,,,,,,,,,,,
20210216,강원도 강릉시,29,1,9.2,1,30,209,,,,,,,,,,,,,,
20210216,강원도 강릉시,28,1,9.2,0,30,209,,,,,,,,,,,,,,
20160512,강원도 양양군,25,15,5.6,19,40,207,,,,,,,,,,,,,,
20130327,강원도 양양군,3,3,11.5,17,14,206,,,,,,,,,,,,,,
20200415,강원도 삼척시,19,15,7.6,18,39,206,,,,,,,,,,,,,,
20110310,강원도 속초시,9,9,6.5,1,19,204,,,,,,,,,,,,,,
20190507,강원도 삼척시,31,2,8.7,21,19,202,,,,,,,,,,,,,,
20170319,강원도 춘천시,38,17,8.1,13,30,202,,,,,,,,,,,,,,
20140424,강원도 양양군,21,13,6,21,44,201,,,,,,,,,,,,,,
20220428,강원도 삼척시,25,13,7.1,21,19,199,,,,,,,,,,,,,,
20110417,강원도 춘천시,47,27,6.7,11,58,198,,,,,,,,,,,,,,
20180409,강원도 춘천시,40,6,10.2,13,45,198,,,,,,,,,,,,,,
20200326,강원도 강릉시,24,24,10.6,16,54,197,,,,,,,,,,,,,,
20210330,강원도 평창군,55,18,8.6,16,26,197,,,,,,,,,,,,,,
20210330,강원도 양구군,55,18,8.6,16,26,197,,,,,,,,,,,,,,
20190304,강원도 양양군,19,19,5.3,15,24,196,,,,,,,,,,,,,,
20120615,강원도 철원군,5,5,6.3,19,68,196,,,,,,,,,,,,,,
20200422,강원도 원주시,16,15,8.6,7,37,196,,,,,,,,,,,,,,
20150531,강원도 태백시,55,6,6.5,28,21,195,,,,,,,,,,,,,,
20160402,강원도 춘천시,12,12,7.2,24,15,193,,,,,,,,,,,,,,
20160424,강원도 홍천군,45,15,7.8,15,40,193,,,,,,,,,,,,,,
20200417,강원도 강릉시,18,18,9.5,12,64,192,,,,,,,,,,,,,,
20220224,강원도 태백시,13,13,6.4,2,29,191,,,,,,,,,,,,,,
20180420,강원도 춘천시,61,26,7.2,27,20,190,,,,,,,,,,,,,,
20150529,강원도 강릉시,62,39,5.6,27,37,188,,,,,,,,,,,,,,
20160205,강원도 고성군,31,11,5.8,3,26,185,,,,,,,,,,,,,,
20200331,강원도 춘천시,15,6,9.6,17,17,185,,,,,,,,,,,,,,
20220411,강원도 화천군,22,13,4.8,19,35,184,,,,,,,,,,,,,,
20221204,강원도 홍천군,14,6,8.3,-5,42,184,,,,,,,,,,,,,,
20110201,강원도 홍천군,7,6,8.5,1,550,184,,,,,,,,,,,,,,
20220423,강원도 강릉시,12,11,7.1,15,71,183,,,,,,,,,,,,,,
20170502,강원도 양양군,34,17,6.4,27,20,182,,,,,,,,,,,,,,
20160125,강원도 고성군,30,7,8,-5,25,182,,,,,,,,,,,,,,
20120619,강원도 삼척시,30,30,6.3,29,37,181,,,,,,,,,,,,,,
20130316,강원도 홍천군,15,9,7.3,13,31,181,,,,,,,,,,,,,,
20161124,강원도 평창군,13,13,6.9,0,58,180,,,,,,,,,,,,,,
20140115,강원도 춘천시,41,4,8.6,2,45,180,,,,,,,,,,,,,,
20150430,강원도 춘천시,51,6,5.6,15,20,179,,,,,,,,,,,,,,
20170507,강원도 강릉시,30,26,8.4,21,22,178,,,,,,,,,,,,,,
20150325,강원도 속초시,35,16,8.3,7,57,178,,,,,,,,,,,,,,
20210421,강원도 횡성군,56,7,7.9,24,29,177,,,,,,,,,,,,,,
20210421,강원도 양구군,56,7,8.6,23,29,177,,,,,,,,,,,,,,
20220313,강원도 삼척시,50,10,7.9,18,49,176,,,,,,,,,,,,,,
20181101,강원도 화천군,21,4,4.6,11,44,176,,,,,,,,,,,,,,
20170408,강원도 홍천군,48,23,7.2,24,33,176,,,,,,,,,,,,,,
20160507,강원도 평창군,37,20,8.8,20,30,175,,,,,,,,,,,,,,
20200319,강원도 춘천시,28,26,7.1,11,46,174,,,,,,,,,,,,,,
20110413,강원도 양구군,44,18,6.7,13,36,174,,,,,,,,,,,,,,
20110420,강원도 정선군,30,21,6.8,17,30,173,,,,,,,,,,,,,,
20220410,강원도 춘천시,27,14,11.3,20,25,173,,,,,,,,,,,,,,
20170330,강원도 홍천군,20,8,6.6,18,23,172,,,,,,,,,,,,,,
20220329,강원도 양구군,56,20,8.8,17,39,172,,,,,,,,,,,,,,
20151017,강원도 삼척시,45,32,7.2,19,15,172,,,,,,,,,,,,,,
20110211,강원도 정선군,37,37,7.9,-2,29,171,,,,,,,,,,,,,,
20190604,강원도 평창군,19,19,6.1,29,21,171,,,,,,,,,,,,,,
20170311,강원도 정선군,50,14,6.6,13,17,171,,,,,,,,,,,,,,
20130304,강원도 춘천시,16,6,8.5,5,38,170,,,,,,,,,,,,,,
20150604,강원도 인제군,32,32,7.3,0,0,168,,,,,,,,,,,,,,
20180216,강원도 양양군,5,5,9.2,5,20,168,,,,,,,,,,,,,,
20141222,강원도 태백시,33,2,9.1,0,0,167,,,,,,,,,,,,,,
20150611,강원도 강릉시,27,17,6.9,33,0,165,,,,,,,,,,,,,,
20210312,강원도 태백시,16,19,8.8,17,17,164,,,,,,,,,,,,,,
20210312,강원도 평창군,15,19,8.8,17,17,164,,,,,,,,,,,,,,
20141123,강원도 강릉시,27,11,8.9,12,61,164,,,,,,,,,,,,,,
20170502,강원도 강릉시,13,5,9.5,17,70,164,,,,,,,,,,,,,,
20180422,강원도 원주시,13,11,8.7,27,12,163,,,,,,,,,,,,,,
20190224,강원도 양양군,58,17,5.9,9,43,163,,,,,,,,,,,,,,
20180608,강원도 인제군,11,10,7.5,21,75,163,,,,,,,,,,,,,,
20190512,강원도 강릉시,34,13,5.5,24,28,162,,,,,,,,,,,,,,
20220503,강원도 강릉시,7,1,4.9,17,28,161,,,,,,,,,,,,,,
20220130,강원도 화천군,36,15,6.4,-15,86,160,,,,,,,,,,,,,,
20150424,강원도 삼척시,27,27,7.8,21,18,160,,,,,,,,,,,,,,
20110401,강원도 정선군,8,8,6.8,14,24,160,,,,,,,,,,,,,,
20150517,강원도 원주시,34,4,7.5,0,0,160,,,,,,,,,,,,,,
20110406,강원도 홍천군,18,17,10.6,17,13,160,,,,,,,,,,,,,,
20180220,강원도 횡성군,47,17,5,6,24,159,,,,,,,,,,,,,,
20170323,강원도 철원군,20,20,7.9,14,30,158,,,,,,,,,,,,,,
20180201,강원도 원주시,50,7,7.5,0,25,158,,,,,,,,,,,,,,
20160302,강원도 원주시,11,9,7.8,6,49,158,,,,,,,,,,,,,,
20170314,강원도 춘천시,43,29,4.2,11,36,157,,,,,,,,,,,,,,
20160204,강원도 춘천시,20,12,6.5,2,0,157,,,,,,,,,,,,,,
20190408,강원도 영월군,20,20,7.6,11,11,157,,,,,,,,,,,,,,
20150326,강원도 춘천시,35,11,8.2,13,20,157,,,,,,,,,,,,,,
20190120,강원도 홍천군,11,9,7.7,2,30,156,,,,,,,,,,,,,,
20140423,강원도 화천군,38,10,6,23,18,156,,,,,,,,,,,,,,
20201025,강원도 홍천군,27,21,11.6,20,20,156,,,,,,,,,,,,,,
20120430,강원도 원주시,24,19,8.8,19,56,155,,,,,,,,,,,,,,
20160221,강원도 강릉시,39,6,5.5,-1,30,155,,,,,,,,,,,,,,
20190127,강원도 양양군,21,3,4.6,-2,65,155,,,,,,,,,,,,,,
20200115,강원도 홍천군,2,2,8,5,23,155,,,,,,,,,,,,,,
20110417,강원도 홍천군,24,24,6.7,18,22,154,,,,,,,,,,,,,,
20191113,강원도 평창군,22,22,8.1,8,80,154,,,,,,,,,,,,,,
20170314,강원도 철원군,23,10,6.6,1,75,154,,,,,,,,,,,,,,
20130427,강원도 홍천군,36,5,8.1,16,54,154,,,,,,,,,,,,,,
20131228,강원도 횡성군,27,17,3.2,-4,38,153,,,,,,,,,,,,,,
20120429,강원도 강릉시,56,39,8.8,25,30,153,,,,,,,,,,,,,,
20181123,강원도 영월군,23,16,7.3,5,19,152,,,,,,,,,,,,,,
20220404,강원도 철원군,14,14,7.9,15,16,152,,,,,,,,,,,,,,
20210419,강원도 철원군,11,6,6.2,19,30,151,,,,,,,,,,,,,,
20210419,강원도 양구군,11,6,4.8,19,30,151,,,,,,,,,,,,,,
20220520,강원도 춘천시,37,1,4.9,20,36,151,,,,,,,,,,,,,,
20200325,강원도 원주시,38,13,9.6,18,27,150,,,,,,,,,,,,,,
20170503,강원도 양구군,40,16,8.4,26,29,150,,,,,,,,,,,,,,
20140424,강원도 정선군,46,20,6,23,24,150,,,,,,,,,,,,,,
20160406,강원도 홍천군,24,24,10.2,0,0,149,,,,,,,,,,,,,,
20130512,강원도 홍천군,10,10,6.3,25,28,149,,,,,,,,,,,,,,
20160402,강원도 평창군,33,39,7.1,23,20,148,,,,,,,,,,,,,,
20180325,강원도 고성군,7,2,5.8,8,62,147,,,,,,,,,,,,,,
20190404,강원도 고성군,17,17,6,12,24,146,,,,,,,,,,,,,,
20190122,강원도 춘천시,13,9,4.6,3,31,146,,,,,,,,,,,,,,
20150307,강원도 춘천시,6,6,8.1,12,26,146,,,,,,,,,,,,,,
20200408,강원도 홍천군,31,5,9.5,14,11,146,,,,,,,,,,,,,,
20120501,강원도 영월군,57,20,11.9,16,68,146,,,,,,,,,,,,,,
20170602,강원도 고성군,30,9,8,19,57,146,,,,,,,,,,,,,,
20150521,강원도 홍천군,3,3,8.5,28,20,145,,,,,,,,,,,,,,
20130419,강원도 인제군,33,25,5.1,3,76,145,,,,,,,,,,,,,,
20190127,강원도 춘천시,11,7,7.7,3,25,145,,,,,,,,,,,,,,
20140409,강원도 횡성군,38,19,6,23,24,145,,,,,,,,,,,,,,
20150610,강원도 춘천시,27,27,8.5,32,31,144,,,,,,,,,,,,,,
20210218,강원도 춘천시,38,8,8.9,-8,34,144,,,,,,,,,,,,,,
20210218,강원도 영월군,38,7,7.9,-8,34,144,,,,,,,,,,,,,,
20210513,강원도 영월군,21,18,5.7,23,43,144,,,,,,,,,,,,,,
20210513,강원도 영월군,20,17,5.7,23,43,144,,,,,,,,,,,,,,
20140425,강원도 삼척시,4,4,6.8,23,32,144,,,,,,,,,,,,,,
20160201,강원도 화천군,28,23,9.2,0,0,143,,,,,,,,,,,,,,
20151216,강원도 양양군,40,12,8.2,0,0,143,,,,,,,,,,,,,,
20220425,강원도 홍천군,17,17,7.1,24,35,142,,,,,,,,,,,,,,
20150528,강원도 양구군,17,0,7.8,29,17,141,,,,,,,,,,,,,,
20120507,강원도 평창군,45,12,8.3,22,10,140,,,,,,,,,,,,,,
20210205,강원도 화천군,15,15,6.5,5,47,140,,,,,,,,,,,,,,
20210205,강원도 양양군,15,15,6.5,4,47,140,,,,,,,,,,,,,,
20150525,강원도 홍천군,21,21,8,11,98,139,,,,,,,,,,,,,,
20180624,강원도 양구군,8,8,6.5,33,30,138,,,,,,,,,,,,,,
20170430,강원도 영월군,10,7,7.2,19,45,138,,,,,,,,,,,,,,
20160603,강원도 삼척시,19,19,4.2,26,27,138,,,,,,,,,,,,,,
20170505,강원도 영월군,28,26,11,26,31,138,,,,,,,,,,,,,,
20170310,강원도 인제군,11,11,8.4,4,30,137,,,,,,,,,,,,,,
20150314,강원도 정선군,16,3,6.5,10,15,137,,,,,,,,,,,,,,
20200422,강원도 삼척시,18,14,9.5,6,37,137,,,,,,,,,,,,,,
20170322,강원도 양구군,43,9,7.1,11,30,136,,,,,,,,,,,,,,
20150321,강원도 고성군,37,4,10.3,0,0,136,,,,,,,,,,,,,,
20140116,강원도 평창군,18,18,5.8,6,50,136,,,,,,,,,,,,,,
20140422,강원도 양구군,15,6,6,18,70,136,,,,,,,,,,,,,,
20140509,강원도 강릉시,35,25,11.8,12,25,136,,,,,,,,,,,,,,
20200503,강원도 횡성군,18,17,8.7,26,53,134,,,,,,,,,,,,,,
20220204,강원도 원주시,23,23,5.8,-3,27,134,,,,,,,,,,,,,,
20200623,강원도 원주시,10,10,7.1,28,59,133,,,,,,,,,,,,,,
20200430,강원도 인제군,25,9,6.6,23,33,133,,,,,,,,,,,,,,
20200405,강원도 인제군,20,18,9.5,15,14,133,,,,,,,,,,,,,,
20140514,강원도 춘천시,55,14,6.5,23,30,133,,,,,,,,,,,,,,
20180219,강원도 화천군,28,7,5,6,28,133,,,,,,,,,,,,,,
20140421,강원도 화천군,25,6,6,21,29,133,,,,,,,,,,,,,,
20170115,강원도 화천군,14,5,5.5,-4,37,133,,,,,,,,,,,,,,
20191205,강원도 양양군,33,7,6.9,-4,28,133,,,,,,,,,,,,,,
20220421,강원도 홍천군,33,31,7.1,18,31,132,,,,,,,,,,,,,,
20170319,강원도 인제군,6,6,6.6,18,10,132,,,,,,,,,,,,,,
20160518,강원도 횡성군,8,8,4.9,27,28,132,,,,,,,,,,,,,,
20210514,강원도 화천군,26,14,7.8,24,58,131,,,,,,,,,,,,,,
20210514,강원도 평창군,26,14,7.3,24,58,131,,,,,,,,,,,,,,
20150517,강원도 인제군,53,41,5.1,21,22,131,,,,,,,,,,,,,,
20140417,강원도 철원군,2,2,6,9,96,131,,,,,,,,,,,,,,
20130605,강원도 홍천군,7,7,3.5,15,91,131,,,,,,,,,,,,,,
20180805,강원도 양구군,30,31,7.5,27,71,131,,,,,,,,,,,,,,
20150604,강원도 평창군,32,31,6.7,25,19,131,,,,,,,,,,,,,,
20171120,강원도 양양군,19,19,7.6,4,26,130,,,,,,,,,,,,,,
20170112,강원도 화천군,12,10,8.6,4,19,129,,,,,,,,,,,,,,
20140324,강원도 양양군,24,24,8.1,16,0,128,,,,,,,,,,,,,,
20200410,강원도 양양군,46,7,9.5,7,30,128,,,,,,,,,,,,,,
20150310,강원도 양양군,50,5,6.1,-3,21,128,,,,,,,,,,,,,,
20190418,강원도 강릉시,12,12,7.6,24,11,128,,,,,,,,,,,,,,
20150502,강원도 강릉시,19,19,6.8,29,35,128,,,,,,,,,,,,,,
20140510,강원도 화천군,22,22,7.8,27,21,128,,,,,,,,,,,,,,
20191231,강원도 고성군,6,8,9.5,-3,36,128,,,,,,,,,,,,,,
20120210,강원도 춘천시,8,8,8.6,1,33,127,,,,,,,,,,,,,,
20170316,강원도 양양군,17,3,6.6,12,14,127,,,,,,,,,,,,,,
20220114,강원도 삼척시,17,17,4.2,-7,51,127,,,,,,,,,,,,,,
20220219,강원도 원주시,7,7,5.8,-1,43,127,,,,,,,,,,,,,,
20220602,강원도 인제군,27,9,5.1,15,41,126,,,,,,,,,,,,,,
20220417,강원도 영월군,15,15,7.1,19,18,126,,,,,,,,,,,,,,
20210427,강원도 횡성군,19,19,7.8,18,37,126,,,,,,,,,,,,,,
20210427,강원도 춘천시,19,19,7.8,17,366,126,,,,,,,,,,,,,,
20151104,강원도 횡성군,44,8,5,8,45,126,,,,,,,,,,,,,,
20210425,강원도 강릉시,24,8,5.3,20,31,126,,,,,,,,,,,,,,
20210425,강원도 고성군,24,7,5.3,20,31,126,,,,,,,,,,,,,,
20120506,강원도 춘천시,45,15,13.1,19,15,125,,,,,,,,,,,,,,
20170505,강원도 춘천시,13,13,6.3,20,55,125,,,,,,,,,,,,,,
20220308,강원도 횡성군,21,21,7.3,10,36,124,,,,,,,,,,,,,,
20150604,강원도 평창군,7,14,6.9,29,11,124,,,,,,,,,,,,,,
20150302,강원도 강릉시,14,4,8.1,8,54,124,,,,,,,,,,,,,,
20140615,강원도 강릉시,18,18,6.2,28,20,124,,,,,,,,,,,,,,
20200410,강원도 홍천군,23,6,7.1,11,38,124,,,,,,,,,,,,,,
20150110,강원도 양구군,29,27,7.7,0,0,124,,,,,,,,,,,,,,
20220410,강원도 홍천군,10,10,7.8,23,24,123,,,,,,,,,,,,,,
20160130,강원도 강릉시,47,16,5.6,0,0,123,,,,,,,,,,,,,,
20160329,강원도 동해시,8,8,6.4,17,37,123,,,,,,,,,,,,,,
20190523,강원도 삼척시,34,15,5.5,26,20,123,,,,,,,,,,,,,,
20170520,강원도 화천군,29,22,6.3,28,30,123,,,,,,,,,,,,,,
20140425,강원도 화천군,36,10,6,23,25,123,,,,,,,,,,,,,,
20201108,강원도 횡성군,14,10,8.9,9,41,123,,,,,,,,,,,,,,
20170519,강원도 홍천군,31,29,11,25,35,123,,,,,,,,,,,,,,
20140920,강원도 영월군,48,16,3.1,25,0,122,,,,,,,,,,,,,,
20160223,강원도 철원군,57,7,6.5,5,28,122,,,,,,,,,,,,,,
20170116,강원도 인제군,19,34,5.9,5,37,121,,,,,,,,,,,,,,
20190511,강원도 홍천군,37,22,9.5,26,24,120,,,,,,,,,,,,,,
20190502,강원도 홍천군,19,4,8,24,20,120,,,,,,,,,,,,,,
20190404,강원도 횡성군,32,11,4.8,18,24,120,,,,,,,,,,,,,,
20150521,강원도 평창군,5,31,6.8,27,26,120,,,,,,,,,,,,,,
20190422,강원도 동해시,46,18,10.4,27,50,119,,,,,,,,,,,,,,
20141104,강원도 삼척시,9,13,8.1,0,0,119,,,,,,,,,,,,,,
20150603,강원도 춘천시,42,20,6.9,26,25,119,,,,,,,,,,,,,,
20170622,강원도 화천군,12,12,5.1,27,53,119,,,,,,,,,,,,,,
20160126,강원도 홍천군,26,19,5.4,5,17,119,,,,,,,,,,,,,,
20140421,강원도 원주시,14,13,11.3,16,31,119,,,,,,,,,,,,,,
20150601,강원도 원주시,35,25,3.5,11,98,118,,,,,,,,,,,,,,
20130306,강원도 홍천군,29,15,4.2,11,54,118,,,,,,,,,,,,,,
20201225,강원도 삼척시,3,3,6.1,-5,47,118,,,,,,,,,,,,,,
20220224,강원도 평창군,11,8,8.2,6,24,118,,,,,,,,,,,,,,
20170304,강원도 춘천시,34,40,7.1,1,84,117,,,,,,,,,,,,,,
20150322,강원도 원주시,35,8,8.1,7,30,117,,,,,,,,,,,,,,
20160409,강원도 춘천시,8,9,5.8,24,30,117,,,,,,,,,,,,,,
20110314,강원도 인제군,9,9,6.5,4,67,116,,,,,,,,,,,,,,
20220211,강원도 철원군,5,5,8.6,10,23,116,,,,,,,,,,,,,,
20190313,강원도 원주시,30,18,10.6,6,28,116,,,,,,,,,,,,,,
20120420,강원도 화천군,26,26,5.8,12,71,115,,,,,,,,,,,,,,
20150616,강원도 고성군,25,14,6.5,30,0,115,,,,,,,,,,,,,,
20140422,강원도 인제군,19,19,6,23,13,115,,,,,,,,,,,,,,
20160318,강원도 정선군,15,7,6.4,0,0,115,,,,,,,,,,,,,,
20181004,강원도 화천군,15,15,8.6,22,51,115,,,,,,,,,,,,,,
20170221,강원도 강릉시,12,12,9.7,5,35,115,,,,,,,,,,,,,,
20140413,강원도 강릉시,20,20,13.4,0,0,114,,,,,,,,,,,,,,
20170319,강원도 양구군,7,6,6.6,8,44,114,,,,,,,,,,,,,,
20151006,강원도 홍천군,1,1,5.6,25,29,114,,,,,,,,,,,,,,
20200308,강원도 평창군,25,25,9.3,16,21,113,,,,,,,,,,,,,,
20171116,강원도 양구군,35,11,7,6,32,113,,,,,,,,,,,,,,
20150325,강원도 양구군,20,7,6.5,13,9,113,,,,,,,,,,,,,,
20170603,강원도 영월군,18,20,5.5,15,47,113,,,,,,,,,,,,,,
20160306,강원도 강릉시,15,15,5.3,13,24,113,,,,,,,,,,,,,,
20150610,강원도 강릉시,12,12,5.9,33,16,113,,,,,,,,,,,,,,
20120228,강원도 평창군,63,18,6.6,6,48,113,,,,,,,,,,,,,,
20200502,강원도 횡성군,14,14,13.1,28,37,112,,,,,,,,,,,,,,
20120401,강원도 강릉시,14,11,8.8,8,24,112,,,,,,,,,,,,,,
20200424,강원도 춘천시,5,5,9.5,13,41,112,,,,,,,,,,,,,,
20160221,강원도 춘천시,27,10,5.5,-4,63,112,,,,,,,,,,,,,,
20140424,강원도 강릉시,35,10,6,16,70,112,,,,,,,,,,,,,,
20111228,강원도 강릉시,8,8,5,-10,73,111,,,,,,,,,,,,,,
20171116,강원도 정선군,6,4,7.6,2,31,111,,,,,,,,,,,,,,
20150330,강원도 원주시,21,6,8.1,19,28,111,,,,,,,,,,,,,,
20110414,강원도 홍천군,10,8,6.7,5,59,111,,,,,,,,,,,,,,
20220521,강원도 양양군,28,13,4.9,24,51,111,,,,,,,,,,,,,,
20170410,강원도 영월군,13,12,6.2,21,15,111,,,,,,,,,,,,,,
20160608,강원도 홍천군,46,11,8.8,0,0,110,,,,,,,,,,,,,,
20200403,강원도 삼척시,32,32,7.1,18,43,110,,,,,,,,,,,,,,
20170228,강원도 강릉시,39,14,8.4,0,0,110,,,,,,,,,,,,,,
20160210,강원도 평창군,30,25,6.5,6,28,110,,,,,,,,,,,,,,
20140412,강원도 횡성군,55,14,6,12,0,110,,,,,,,,,,,,,,
20210506,강원도 철원군,26,22,11.2,16,54,110,,,,,,,,,,,,,,
20210506,강원도 평창군,26,22,11.2,15,54,110,,,,,,,,,,,,,,
20161114,강원도 인제군,34,25,6,18,10,110,,,,,,,,,,,,,,
20210407,강원도 삼척시,32,3,9.1,19,24,109,,,,,,,,,,,,,,
20220509,강원도 횡성군,47,11,7.3,15,35,109,,,,,,,,,,,,,,
20141030,강원도 화천군,20,20,11,19,33,109,,,,,,,,,,,,,,
20140417,강원도 화천군,4,4,6,14,93,109,,,,,,,,,,,,,,
20160515,강원도 삼척시,33,9,7.5,23,50,109,,,,,,,,,,,,,,
20180624,강원도 횡성군,60,20,8.6,32,10,109,,,,,,,,,,,,,,
20150427,강원도 화천군,36,6,9.1,21,43,109,,,,,,,,,,,,,,
20170619,강원도 춘천시,36,7,7.3,20,72,108,,,,,,,,,,,,,,
20200224,강원도 춘천시,28,22,8.6,10,45,108,,,,,,,,,,,,,,
20200209,강원도 인제군,30,13,7.6,-1,43,108,,,,,,,,,,,,,,
20111227,강원도 철원군,49,13,8.7,0,0,108,,,,,,,,,,,,,,
20180803,강원도 강릉시,18,12,5.7,37,59,107,,,,,,,,,,,,,,
20140227,강원도 춘천시,16,7,6.4,12,490,107,,,,,,,,,,,,,,
20140307,강원도 홍천군,16,16,9.3,5,13,107,,,,,,,,,,,,,,
20190312,강원도 철원군,7,7,8.4,5,75,107,,,,,,,,,,,,,,
20160514,강원도 고성군,34,14,7.5,27,14,107,,,,,,,,,,,,,,
20170509,강원도 화천군,7,2,6.3,16,30,107,,,,,,,,,,,,,,
20170404,강원도 춘천시,19,12,8.1,19,33,107,,,,,,,,,,,,,,
20150508,강원도 인제군,0,0,8.6,19,0,107,,,,,,,,,,,,,,
20190823,강원도 정선군,33,33,6.1,27,60,106,,,,,,,,,,,,,,
20180815,강원도 횡성군,26,13,10.5,32,79,106,,,,,,,,,,,,,,
20210226,강원도 고성군,21,0,5.1,10,35,106,,,,,,,,,,,,,,
20210226,강원도 인제군,20,0,8.3,10,35,106,,,,,,,,,,,,,,
20120420,강원도 홍천군,31,5,8.8,19,40,106,,,,,,,,,,,,,,
20150201,강원도 인제군,17,7,6.5,0,0,106,,,,,,,,,,,,,,
20140531,강원도 인제군,19,19,5.6,33,22,105,,,,,,,,,,,,,,
20201104,강원도 화천군,13,2,7.3,6,23,105,,,,,,,,,,,,,,
20150511,강원도 화천군,40,13,7.5,21,41,105,,,,,,,,,,,,,,
20170222,강원도 춘천시,11,19,9.7,4,42,105,,,,,,,,,,,,,,
20201202,강원도 홍천군,17,8,5,-1,50,104,,,,,,,,,,,,,,
20140327,강원도 횡성군,47,26,6.4,22,19,104,,,,,,,,,,,,,,
20130516,강원도 횡성군,66,6,8.7,11,78,104,,,,,,,,,,,,,,
20220415,강원도 춘천시,18,4,7.1,17,28,104,,,,,,,,,,,,,,
20180413,강원도 평창군,37,15,8.7,18,17,104,,,,,,,,,,,,,,
20180212,강원도 원주시,15,0,8.6,-3,37,103,,,,,,,,,,,,,,
20140401,강원도 철원군,18,18,5.6,22,23,103,,,,,,,,,,,,,,
20170428,강원도 춘천시,77,43,7.9,17,32,103,,,,,,,,,,,,,,
20160204,강원도 춘천시,3,7,6.5,5,29,103,,,,,,,,,,,,,,
20220525,강원도 정선군,22,17,4.9,14,97,103,,,,,,,,,,,,,,
20160223,강원도 철원군,29,20,6.5,3,27,103,,,,,,,,,,,,,,
20210430,강원도 강릉시,61,24,9.5,6,95,103,,,,,,,,,,,,,,
20210430,강원도 화천군,61,24,9.5,6,95,103,,,,,,,,,,,,,,
20130508,강원도 강릉시,18,12,5.2,24,32,102,,,,,,,,,,,,,,
20110324,강원도 평창군,46,6,6.5,4,47,102,,,,,,,,,,,,,,
20140420,강원도 양구군,47,38,9.5,21,36,102,,,,,,,,,,,,,,
20150507,강원도 홍천군,12,10,6.8,23,33,102,,,,,,,,,,,,,,
20201206,강원도 고성군,32,32,6.1,-5,63,102,,,,,,,,,,,,,,
20190511,강원도 강릉시,36,12,5.5,23,21,102,,,,,,,,,,,,,,
20210409,강원도 홍천군,27,12,5.3,18,32,102,,,,,,,,,,,,,,
20190129,강원도 양구군,26,16,5.8,4,23,101,,,,,,,,,,,,,,
20170314,강원도 인제군,55,17,8.4,10,41,101,,,,,,,,,,,,,,
20170503,강원도 홍천군,8,8,7.3,26,24,101,,,,,,,,,,,,,,
20151101,강원도 양구군,65,31,7.9,10,34,101,,,,,,,,,,,,,,
20170413,강원도 강릉시,17,12,7.2,14,23,101,,,,,,,,,,,,,,
20200123,강원도 횡성군,22,7,11.6,9,40,100,,,,,,,,,,,,,,
20190130,강원도 강릉시,7,7,5.5,6,38,100,,,,,,,,,,,,,,
20180201,강원도 양양군,39,5,6.7,-1,40,100,,,,,,,,,,,,,,
20180420,강원도 강릉시,75,20,6.7,26,16,100,,,,,,,,,,,,,,
20140305,강원도 고성군,33,13,8.3,6,22,100,,,,,,,,,,,,,,
20170502,강원도 화천군,33,28,6.3,26,36,100,,,,,,,,,,,,,,
20160104,강원도 고성군,13,6,5.4,20,29,100,,,,,,,,,,,,,,
20150308,강원도 양구군,6,7,8,12,51,100,,,,,,,,,,,,,,
20150925,강원도 원주시,28,18,4.9,22,61,99,,,,,,,,,,,,,,
20170330,강원도 강릉시,11,11,6.7,18,20,99,,,,,,,,,,,,,,
20150325,강원도 춘천시,9,1,5.2,11,44,99,,,,,,,,,,,,,,
20130506,강원도 춘천시,6,6,3.8,24,30,98,,,,,,,,,,,,,,
20181201,강원도 철원군,19,16,6.4,10,33,98,,,,,,,,,,,,,,
20170501,강원도 춘천시,8,8,8.4,24,14,98,,,,,,,,,,,,,,
20120629,강원도 고성군,30,12,6.5,23,50,98,,,,,,,,,,,,,,
20210401,강원도 춘천시,12,12,7.8,20,13,98,,,,,,,,,,,,,,
20210401,강원도 양양군,12,12,7.8,20,13,98,,,,,,,,,,,,,,
20161125,강원도 원주시,4,4,4.6,4,25,97,,,,,,,,,,,,,,
20201029,강원도 홍천군,36,6,4.2,17,19,97,,,,,,,,,,,,,,
20221205,강원도 홍천군,21,5,7.5,4,30,97,,,,,,,,,,,,,,
20180403,강원도 화천군,11,11,6.8,17,82,96,,,,,,,,,,,,,,
20150523,강원도 영월군,7,7,5.6,26,20,96,,,,,,,,,,,,,,
20160411,강원도 원주시,10,8,7.2,0,0,96,,,,,,,,,,,,,,
20180428,강원도 홍천군,51,15,6.6,24,24,96,,,,,,,,,,,,,,
20200408,강원도 원주시,8,9,7.1,10,23,96,,,,,,,,,,,,,,
20150226,강원도 춘천시,8,6,6.4,6,30,96,,,,,,,,,,,,,,
20190407,강원도 철원군,31,31,7.6,16,44,96,,,,,,,,,,,,,,
20200315,강원도 횡성군,6,7,11.3,6,48,96,,,,,,,,,,,,,,
20210508,강원도 화천군,38,25,8.8,15,59,95,,,,,,,,,,,,,,
20210508,강원도 횡성군,37,24,8.7,14,59,95,,,,,,,,,,,,,,
20190304,강원도 춘천시,8,7,10.6,16,28,95,,,,,,,,,,,,,,
20120622,강원도 동해시,15,15,5.2,27,57,95,,,,,,,,,,,,,,
20140310,강원도 정선군,40,5,10.6,5,0,95,,,,,,,,,,,,,,
20151102,강원도 정선군,47,31,5.3,2,73,95,,,,,,,,,,,,,,
20150611,강원도 인제군,25,25,6.7,32,19,95,,,,,,,,,,,,,,
20170521,강원도 화천군,37,20,8.4,25,30,95,,,,,,,,,,,,,,
20171202,강원도 양구군,25,8,5.9,2,56,95,,,,,,,,,,,,,,
20160406,강원도 영월군,38,21,6,18,20,95,,,,,,,,,,,,,,
20140311,강원도 춘천시,33,33,6.7,4,38,95,,,,,,,,,,,,,,
20130311,강원도 강릉시,57,13,4.2,8,44,95,,,,,,,,,,,,,,
20140526,강원도 철원군,20,20,11.8,32,34,95,,,,,,,,,,,,,,
20170508,강원도 춘천시,11,11,6.1,24,32,94,,,,,,,,,,,,,,
20140504,강원도 정선군,9,9,8.7,16,28,94,,,,,,,,,,,,,,
20180801,강원도 춘천시,36,15,10.3,35,66,94,,,,,,,,,,,,,,
20140424,강원도 화천군,22,16,6,26,19,94,,,,,,,,,,,,,,
20220103,강원도 고성군,24,24,6.4,-2,35,94,,,,,,,,,,,,,,
20170322,강원도 영월군,3,3,6.6,13,17,94,,,,,,,,,,,,,,
20110212,강원도 횡성군,20,20,5.3,-6,44,94,,,,,,,,,,,,,,
20180208,강원도 강릉시,62,23,7.5,2,22,94,,,,,,,,,,,,,,
20110409,강원도 철원군,48,17,6.7,18,16,94,,,,,,,,,,,,,,
20130430,강원도 춘천시,18,18,7.1,23,53,94,,,,,,,,,,,,,,
20160401,강원도 원주시,5,5,8.1,18,45,93,,,,,,,,,,,,,,
20130504,강원도 원주시,4,4,11.9,18,39,93,,,,,,,,,,,,,,
20120530,강원도 화천군,35,35,6.9,15,84,93,,,,,,,,,,,,,,
20170507,강원도 원주시,63,68,8.4,20,23,93,,,,,,,,,,,,,,
20190125,강원도 철원군,14,8,4.6,4,19,93,,,,,,,,,,,,,,
20210120,강원도 철원군,14,10,7.9,6,31,92,,,,,,,,,,,,,,
20210120,강원도 철원군,14,10,5.1,6,31,92,,,,,,,,,,,,,,
20220212,강원도 화천군,50,6,8.9,1,57,92,,,,,,,,,,,,,,
20150428,강원도 화천군,29,7,6,23,23,92,,,,,,,,,,,,,,
20160316,강원도 횡성군,4,4,6.4,10,26,92,,,,,,,,,,,,,,
20141209,강원도 양구군,23,6,9.5,5,0,92,,,,,,,,,,,,,,
20120424,강원도 평창군,15,7,10.6,23,37,92,,,,,,,,,,,,,,
20190119,강원도 양구군,16,17,8.1,2,56,92,,,,,,,,,,,,,,
20171116,강원도 양구군,17,17,8.6,5,18,91,,,,,,,,,,,,,,
20220312,강원도 영월군,19,12,9.1,9,50,91,,,,,,,,,,,,,,
20130327,강원도 양구군,20,7,4.2,15,13,91,,,,,,,,,,,,,,
20181122,강원도 평창군,17,6,6.7,4,0,91,,,,,,,,,,,,,,
20140426,강원도 홍천군,36,10,6,25,60,91,,,,,,,,,,,,,,
20151102,강원도 철원군,14,2,7.7,16,27,91,,,,,,,,,,,,,,
20150510,강원도 양구군,26,24,8.6,8,0,91,,,,,,,,,,,,,,
20220512,강원도 화천군,21,8,5.5,21,60,90,,,,,,,,,,,,,,
20190126,강원도 원주시,21,21,9.8,1,16,90,,,,,,,,,,,,,,
20160226,강원도 화천군,32,10,6.5,6,0,90,,,,,,,,,,,,,,
20190110,강원도 홍천군,15,6,5.3,5,19,90,,,,,,,,,,,,,,
20180314,강원도 고성군,6,2,8.8,20,42,89,,,,,,,,,,,,,,
20170526,강원도 춘천시,17,9,8.4,20,32,89,,,,,,,,,,,,,,
20170312,강원도 철원군,12,10,6.6,8,18,89,,,,,,,,,,,,,,
20130825,강원도 삼척시,22,19,3.6,22,86,89,,,,,,,,,,,,,,
20170502,강원도 양구군,31,10,6.3,26,29,89,,,,,,,,,,,,,,
20170423,강원도 삼척시,51,9,7.2,19,20,89,,,,,,,,,,,,,,
20170501,강원도 화천군,10,4,9.5,19,65,89,,,,,,,,,,,,,,
20150605,강원도 화천군,7,7,10.1,18,65,89,,,,,,,,,,,,,,
20160606,강원도 양구군,25,10,7.5,21,67,89,,,,,,,,,,,,,,
20150531,강원도 강릉시,68,31,8.7,27,0,88,,,,,,,,,,,,,,
20130419,강원도 원주시,18,2,9.7,11,18,88,,,,,,,,,,,,,,
20110318,강원도 삼척시,6,6,7.8,9,21,88,,,,,,,,,,,,,,
20221127,강원도 삼척시,36,9,9.6,5,25,88,,,,,,,,,,,,,,
20120620,강원도 삼척시,21,21,6,22,69,88,,,,,,,,,,,,,,
20150201,강원도 정선군,68,71,6.6,3,34,88,,,,,,,,,,,,,,
20140413,강원도 정선군,18,18,6.2,16,30,88,,,,,,,,,,,,,,
20170604,강원도 정선군,10,10,5.5,22,27,88,,,,,,,,,,,,,,
20200415,강원도 고성군,35,12,7.1,7,55,88,,,,,,,,,,,,,,
20220515,강원도 고성군,20,20,8.4,20,21,87,,,,,,,,,,,,,,
20200613,강원도 양양군,8,8,7.9,34,25,87,,,,,,,,,,,,,,
20190227,강원도 원주시,15,10,5.9,13,34,87,,,,,,,,,,,,,,
20140424,강원도 춘천시,30,10,6,23,18,87,,,,,,,,,,,,,,
20201013,강원도 양구군,17,17,9.8,18,51,86,,,,,,,,,,,,,,
20200315,강원도 춘천시,49,29,8.1,9,19,86,,,,,,,,,,,,,,
20190227,강원도 인제군,30,9,8.7,8,50,86,,,,,,,,,,,,,,
20150325,강원도 평창군,31,19,8.1,5,41,86,,,,,,,,,,,,,,
20220518,강원도 인제군,17,12,4.9,10,88,86,,,,,,,,,,,,,,
20221001,강원도 화천군,6,6,8.3,29,22,86,,,,,,,,,,,,,,
20200324,강원도 고성군,14,14,6.4,18,16,85,,,,,,,,,,,,,,
20171130,강원도 인제군,8,8,10.8,1,26,85,,,,,,,,,,,,,,
20170503,강원도 강릉시,6,6,11.2,29,11,85,,,,,,,,,,,,,,
20111121,강원도 화천군,72,12,5.5,-1,29,85,,,,,,,,,,,,,,
20190328,강원도 정선군,21,7,8.4,15,23,85,,,,,,,,,,,,,,
20120415,강원도 홍천군,40,10,6.6,18,30,85,,,,,,,,,,,,,,
20140602,강원도 춘천시,27,27,7.4,22,98,84,,,,,,,,,,,,,,
20201208,강원도 원주시,6,6,8.1,-3,50,84,,,,,,,,,,,,,,
20190308,강원도 횡성군,39,6,6.5,11,28,84,,,,,,,,,,,,,,
20200401,강원도 횡성군,16,16,6,15,24,84,,,,,,,,,,,,,,
20130310,강원도 원주시,14,14,11.5,8,21,84,,,,,,,,,,,,,,
20120526,강원도 춘천시,16,16,11.9,23,15,84,,,,,,,,,,,,,,
20120626,강원도 홍천군,20,20,6.3,25,48,84,,,,,,,,,,,,,,
20160522,강원도 삼척시,45,12,8.5,28,14,84,,,,,,,,,,,,,,
20140619,강원도 강릉시,20,20,6.2,23,72,84,,,,,,,,,,,,,,
20160127,강원도 횡성군,18,10,6.5,0,0,84,,,,,,,,,,,,,,
20190709,강원도 횡성군,10,10,5.7,23,52,84,,,,,,,,,,,,,,
20160112,강원도 춘천시,43,10,8,0,26,84,,,,,,,,,,,,,,
20190401,강원도 강릉시,52,36,9.5,7,36,83,,,,,,,,,,,,,,
20130516,강원도 횡성군,17,3,8.9,23,32,83,,,,,,,,,,,,,,
20210220,강원도 양양군,13,6,7.9,15,22,83,,,,,,,,,,,,,,
20170311,강원도 양양군,22,16,6.6,13,19,83,,,,,,,,,,,,,,
20160304,강원도 횡성군,28,25,6.4,0,0,83,,,,,,,,,,,,,,
20180328,강원도 속초시,43,7,5.8,19,29,83,,,,,,,,,,,,,,
20210105,강원도 강릉시,23,10,7.9,1,16,83,,,,,,,,,,,,,,
20210105,강원도 강릉시,22,10,7.9,1,16,83,,,,,,,,,,,,,,
20150607,강원도 홍천군,41,7,6,24,0,82,,,,,,,,,,,,,,
20190506,강원도 홍천군,15,15,8.7,16,17,82,,,,,,,,,,,,,,
20170315,강원도 강릉시,17,11,6.6,8,30,82,,,,,,,,,,,,,,
20210222,강원도 춘천시,22,22,8.4,14,39,81,,,,,,,,,,,,,,
20210222,강원도 홍천군,21,21,4.8,13,39,81,,,,,,,,,,,,,,
20210509,강원도 홍천군,22,7,3.9,21,24,81,,,,,,,,,,,,,,
20210509,강원도 양구군,21,7,13.1,21,24,81,,,,,,,,,,,,,,
20171116,강원도 춘천시,36,16,7.6,4,28,81,,,,,,,,,,,,,,
20210506,강원도 춘천시,28,20,9.1,18,36,81,,,,,,,,,,,,,,
20210506,강원도 춘천시,27,20,9.1,18,36,81,,,,,,,,,,,,,,
20170423,강원도 춘천시,22,22,7.2,21,22,81,,,,,,,,,,,,,,
20160331,강원도 춘천시,32,12,8.8,0,0,80,,,,,,,,,,,,,,
20150426,강원도 영월군,46,17,5.3,23,0,80,,,,,,,,,,,,,,
20160530,강원도 춘천시,48,5,11.4,27,33,80,,,,,,,,,,,,,,
20120415,강원도 홍천군,50,5,6,14,75,80,,,,,,,,,,,,,,
20150507,강원도 화천군,16,12,6.8,24,33,80,,,,,,,,,,,,,,
20120305,강원도 춘천시,25,5,7.9,2,69,80,,,,,,,,,,,,,,
20220525,강원도 철원군,27,3,8.6,28,38,80,,,,,,,,,,,,,,
20150613,강원도 철원군,10,10,6.9,18,77,80,,,,,,,,,,,,,,
20140411,강원도 고성군,25,11,6.2,18,53,80,,,,,,,,,,,,,,
20220224,강원도 춘천시,21,21,5.5,0,23,79,,,,,,,,,,,,,,
20200131,강원도 화천군,36,2,9.8,8,41,79,,,,,,,,,,,,,,
20180624,강원도 평창군,26,29,8.5,31,35,79,,,,,,,,,,,,,,
20150602,강원도 영월군,24,10,6.9,22,49,79,,,,,,,,,,,,,,
20190127,강원도 화천군,22,5,4.6,-13,20,79,,,,,,,,,,,,,,
20170506,강원도 인제군,29,21,3.9,21,16,78,,,,,,,,,,,,,,
20190505,강원도 횡성군,7,6,8,13,78,78,,,,,,,,,,,,,,
20190503,강원도 홍천군,4,4,8,28,18,78,,,,,,,,,,,,,,
20170520,강원도 춘천시,57,16,8.4,28,33,78,,,,,,,,,,,,,,
20140410,강원도 철원군,60,10,6,21,37,78,,,,,,,,,,,,,,
20200501,강원도 철원군,18,18,8.7,27,45,77,,,,,,,,,,,,,,
20200103,강원도 고성군,16,15,5.9,1,51,77,,,,,,,,,,,,,,
20170311,강원도 영월군,28,5,6.6,10,20,77,,,,,,,,,,,,,,
20200104,강원도 철원군,40,14,6.2,5,43,77,,,,,,,,,,,,,,
20181127,강원도 원주시,38,8,7.8,8,29,77,,,,,,,,,,,,,,
20200321,강원도 평창군,17,17,6.5,18,32,76,,,,,,,,,,,,,,
20160818,강원도 양구군,24,24,10.3,24,25,76,,,,,,,,,,,,,,
20150311,강원도 철원군,16,16,5.2,4,17,76,,,,,,,,,,,,,,
20190507,강원도 춘천시,60,60,8,20,21,76,,,,,,,,,,,,,,
20120418,강원도 고성군,4,4,8.8,13,71,76,,,,,,,,,,,,,,
20111115,강원도 고성군,20,7,10.8,11,32,76,,,,,,,,,,,,,,
20150505,강원도 영월군,15,13,8.6,14,32,76,,,,,,,,,,,,,,
20190301,강원도 횡성군,35,2,9.3,9,37,75,,,,,,,,,,,,,,
20130309,강원도 양구군,30,30,4.2,21,26,75,,,,,,,,,,,,,,
20130309,강원도 속초시,8,5,4.2,18,25,75,,,,,,,,,,,,,,
20160414,강원도 강릉시,25,12,7.2,0,0,75,,,,,,,,,,,,,,
20160204,강원도 홍천군,26,8,5.5,2,30,75,,,,,,,,,,,,,,
20140226,강원도 고성군,22,22,9.2,15,26,74,,,,,,,,,,,,,,
20140413,강원도 동해시,18,18,8.6,0,0,74,,,,,,,,,,,,,,
20170404,강원도 철원군,4,4,7.2,12,18,74,,,,,,,,,,,,,,
20150612,강원도 춘천시,10,10,6.9,26,49,74,,,,,,,,,,,,,,
20190303,강원도 춘천시,5,5,6.1,11,26,74,,,,,,,,,,,,,,
20180103,강원도 춘천시,15,12,5.3,-5,43,74,,,,,,,,,,,,,,
20150325,강원도 양구군,25,25,8.2,7,18,74,,,,,,,,,,,,,,
20150302,강원도 고성군,20,10,8.1,9,24,74,,,,,,,,,,,,,,
20221002,강원도 인제군,39,0,8.3,20,75,74,,,,,,,,,,,,,,
20220213,강원도 원주시,29,3,6.6,-2,79,73,,,,,,,,,,,,,,
20190416,강원도 원주시,36,23,9.5,22,11,73,,,,,,,,,,,,,,
20170525,강원도 고성군,22,21,8.4,29,38,73,,,,,,,,,,,,,,
20170310,강원도 홍천군,5,5,6.6,8,28,73,,,,,,,,,,,,,,
20140411,강원도 영월군,30,30,6,22,31,73,,,,,,,,,,,,,,
20221022,강원도 영월군,52,16,5,15,37,73,,,,,,,,,,,,,,
20190708,강원도 홍천군,30,6,6.8,21,0,73,,,,,,,,,,,,,,
20160502,강원도 홍천군,17,12,7.5,26,39,73,,,,,,,,,,,,,,
20150412,강원도 영월군,15,9,7.8,6,30,73,,,,,,,,,,,,,,
20130323,강원도 영월군,21,8,4.3,7,56,73,,,,,,,,,,,,,,
20191204,강원도 강릉시,11,11,7.7,6,24,73,,,,,,,,,,,,,,
20160402,강원도 정선군,52,6,7.2,21,23,73,,,,,,,,,,,,,,
20160106,강원도 홍천군,10,1,5.4,20,22,73,,,,,,,,,,,,,,
20170619,강원도 고성군,46,44,8,29,35,73,,,,,,,,,,,,,,
20220922,강원도 홍천군,28,28,3.8,23,38,72,,,,,,,,,,,,,,
20201103,강원도 원주시,29,8,10.8,7,22,72,,,,,,,,,,,,,,
20160610,강원도 춘천시,30,24,6.9,32,12,72,,,,,,,,,,,,,,
20120111,강원도 춘천시,6,6,5.8,-1,22,72,,,,,,,,,,,,,,
20220223,강원도 춘천시,46,6,5,-3,22,72,,,,,,,,,,,,,,
20160401,강원도 홍천군,30,2,6,18,23,72,,,,,,,,,,,,,,
20151026,강원도 홍천군,44,18,7.5,4,98,72,,,,,,,,,,,,,,
20200208,강원도 강릉시,33,29,8.6,-4,72,72,,,,,,,,,,,,,,
20110416,강원도 태백시,30,13,6.7,11,39,72,,,,,,,,,,,,,,
20200409,강원도 원주시,12,12,9.5,15,20,72,,,,,,,,,,,,,,
20120602,강원도 삼척시,53,13,6.3,17,76,72,,,,,,,,,,,,,,
20120527,강원도 강릉시,16,16,8.5,22,25,72,,,,,,,,,,,,,,
20210106,강원도 양구군,18,4,8.4,-3,15,72,,,,,,,,,,,,,,
20190404,강원도 정선군,6,6,6,16,29,71,,,,,,,,,,,,,,
20151212,강원도 화천군,3,3,5,9,41,71,,,,,,,,,,,,,,
20150307,강원도 인제군,22,15,6.1,7,23,71,,,,,,,,,,,,,,
20140426,강원도 춘천시,34,2,7.9,22,0,71,,,,,,,,,,,,,,
20180203,강원도 춘천시,39,5,8.6,-5,42,71,,,,,,,,,,,,,,
20131113,강원도 춘천시,18,18,3.7,-4,74,71,,,,,,,,,,,,,,
20220519,강원도 평창군,9,9,8.6,20,53,71,,,,,,,,,,,,,,
20200506,강원도 원주시,18,10,8.7,21,42,71,,,,,,,,,,,,,,
20170330,강원도 강릉시,15,12,6.6,15,35,71,,,,,,,,,,,,,,
20150323,강원도 강릉시,11,11,8.1,4,12,71,,,,,,,,,,,,,,
20140410,강원도 춘천시,1,7,6,20,28,71,,,,,,,,,,,,,,
20160514,강원도 철원군,29,11,7.5,26,9,71,,,,,,,,,,,,,,
20151016,강원도 인제군,1,1,5.2,23,22,71,,,,,,,,,,,,,,
20150131,강원도 화천군,12,10,11.5,0,0,71,,,,,,,,,,,,,,
20150311,강원도 고성군,21,8,8,5,42,71,,,,,,,,,,,,,,
20111007,강원도 강릉시,57,21,8.7,18,34,70,,,,,,,,,,,,,,
20190506,강원도 홍천군,15,15,8.4,20,10,70,,,,,,,,,,,,,,
20170311,강원도 홍천군,33,39,5.3,16,19,70,,,,,,,,,,,,,,
20170604,강원도 철원군,17,17,5.5,24,19,70,,,,,,,,,,,,,,
20120525,강원도 양양군,20,20,6.4,17,60,70,,,,,,,,,,,,,,
20150403,강원도 횡성군,11,3,5.6,18,48,70,,,,,,,,,,,,,,
20220924,강원도 속초시,24,20,5.8,21,47,70,,,,,,,,,,,,,,
20140303,강원도 춘천시,5,4,6.7,10,25,70,,,,,,,,,,,,,,
20181126,강원도 춘천시,22,12,7.3,3,70,70,,,,,,,,,,,,,,
20130429,강원도 홍천군,30,10,6.7,17,43,70,,,,,,,,,,,,,,
20150502,강원도 평창군,26,11,8.6,22,59,70,,,,,,,,,,,,,,
20140328,강원도 정선군,47,26,7.1,7,83,69,,,,,,,,,,,,,,
20200426,강원도 영월군,7,7,9.5,18,24,69,,,,,,,,,,,,,,
20180209,강원도 강릉시,26,21,7.5,-10,72,69,,,,,,,,,,,,,,
20130509,강원도 홍천군,84,44,3.8,15,55,69,,,,,,,,,,,,,,
20140529,강원도 강릉시,53,22,11.9,21,0,69,,,,,,,,,,,,,,
20190420,강원도 원주시,20,17,7.6,18,48,68,,,,,,,,,,,,,,
20110615,강원도 원주시,25,20,4.4,31,29,68,,,,,,,,,,,,,,
20170621,강원도 양양군,3,3,5.5,29,33,68,,,,,,,,,,,,,,
20160328,강원도 강릉시,22,4,5.3,13,0,68,,,,,,,,,,,,,,
20111231,강원도 원주시,6,4,6.1,-6,40,68,,,,,,,,,,,,,,
20110409,강원도 홍천군,50,15,6.7,19,14,68,,,,,,,,,,,,,,
20120205,강원도 양양군,40,4,8.6,6,29,68,,,,,,,,,,,,,,
20190707,강원도 횡성군,28,15,5.2,27,41,67,,,,,,,,,,,,,,
20150308,강원도 인제군,30,13,10.6,9,39,67,,,,,,,,,,,,,,
20200308,강원도 홍천군,9,9,7.9,18,20,67,,,,,,,,,,,,,,
20130518,강원도 양구군,15,12,3.8,16,71,67,,,,,,,,,,,,,,
20110405,강원도 홍천군,40,25,6.7,16,47,67,,,,,,,,,,,,,,
20210509,강원도 강릉시,12,2,9.1,19,22,67,,,,,,,,,,,,,,
20210509,강원도 원주시,12,1,9.1,18,22,67,,,,,,,,,,,,,,
20210426,강원도 양구군,4,4,5.3,21,23,67,,,,,,,,,,,,,,
20210426,강원도 강릉시,4,3,5.3,20,23,67,,,,,,,,,,,,,,
20120506,강원도 춘천시,19,12,7.2,19,15,67,,,,,,,,,,,,,,
20160126,강원도 횡성군,17,10,5.1,0,0,67,,,,,,,,,,,,,,
20200101,강원도 삼척시,4,4,8,6,34,67,,,,,,,,,,,,,,
20170429,강원도 평창군,18,18,7.2,19,16,66,,,,,,,,,,,,,,
20120809,강원도 원주시,23,20,9.3,20,97,66,,,,,,,,,,,,,,
20150609,강원도 정선군,26,11,6.9,29,0,66,,,,,,,,,,,,,,
20170601,강원도 춘천시,24,3,4.9,20,20,66,,,,,,,,,,,,,,
20160323,강원도 홍천군,20,8,5.3,13,38,66,,,,,,,,,,,,,,
20140119,강원도 원주시,22,3,5.8,-2,48,66,,,,,,,,,,,,,,
20160316,강원도 정선군,12,12,5.2,17,16,66,,,,,,,,,,,,,,
20170505,강원도 고성군,10,10,9.1,0,0,65,,,,,,,,,,,,,,
20120528,강원도 횡성군,7,7,8.9,22,55,65,,,,,,,,,,,,,,
20120116,강원도 철원군,13,13,9.8,0,0,65,,,,,,,,,,,,,,
20180729,강원도 횡성군,34,14,6.7,34,45,65,,,,,,,,,,,,,,
20120215,강원도 삼척시,85,25,6.6,5,18,65,,,,,,,,,,,,,,
20180731,강원도 철원군,40,23,5.2,36,36,65,,,,,,,,,,,,,,
20111129,강원도 춘천시,15,6,5.6,13,77,65,,,,,,,,,,,,,,
20170313,강원도 화천군,23,12,6.6,13,0,65,,,,,,,,,,,,,,
20151029,강원도 화천군,52,8,5.6,12,10,65,,,,,,,,,,,,,,
20200427,강원도 평창군,9,5,6,14,49,64,,,,,,,,,,,,,,
20160316,강원도 양양군,14,1,8.9,0,0,64,,,,,,,,,,,,,,
20210420,강원도 화천군,17,12,5.1,26,22,64,,,,,,,,,,,,,,
20210420,강원도 인제군,17,12,5.3,25,22,64,,,,,,,,,,,,,,
20170111,강원도 춘천시,11,9,6.9,1,23,64,,,,,,,,,,,,,,
20220119,강원도 철원군,34,7,6.4,0,83,64,,,,,,,,,,,,,,
20160315,강원도 강릉시,50,14,8.3,0,0,63,,,,,,,,,,,,,,
20110410,강원도 정선군,45,10,6.8,18,28,63,,,,,,,,,,,,,,
20220209,강원도 춘천시,12,11,8.1,-1,47,63,,,,,,,,,,,,,,
20171119,강원도 춘천시,25,24,6.2,1,15,63,,,,,,,,,,,,,,
20160131,강원도 고성군,60,23,8,0,0,63,,,,,,,,,,,,,,
20170501,강원도 강릉시,53,17,8.4,27,13,63,,,,,,,,,,,,,,
20141111,강원도 고성군,40,4,8.1,9,56,63,,,,,,,,,,,,,,
20220604,강원도 강릉시,34,6,5.2,20,63,63,,,,,,,,,,,,,,
20190625,강원도 인제군,16,16,7.4,30,54,62,,,,,,,,,,,,,,
20180422,강원도 인제군,28,15,8.7,25,0,62,,,,,,,,,,,,,,
20160402,강원도 춘천시,52,6,7.2,20,21,62,,,,,,,,,,,,,,
20170420,강원도 홍천군,10,6,8.1,15,51,62,,,,,,,,,,,,,,
20170413,강원도 홍천군,11,4,8.1,15,42,62,,,,,,,,,,,,,,
20150531,강원도 양구군,14,6,7.3,25,48,61,,,,,,,,,,,,,,
20170527,강원도 속초시,50,28,3.8,18,50,61,,,,,,,,,,,,,,
20201006,강원도 춘천시,30,21,8.1,18,41,61,,,,,,,,,,,,,,
20180623,강원도 원주시,27,23,8.6,29,41,61,,,,,,,,,,,,,,
20120228,강원도 춘천시,20,2,6.6,2,30,61,,,,,,,,,,,,,,
20201212,강원도 횡성군,27,11,4.7,5,30,61,,,,,,,,,,,,,,
20220412,강원도 홍천군,51,16,11.3,27,38,60,,,,,,,,,,,,,,
20180601,강원도 강릉시,10,5,8.6,29,24,60,,,,,,,,,,,,,,
20160226,강원도 횡성군,10,4,6.5,7,22,60,,,,,,,,,,,,,,
20210509,강원도 횡성군,16,8,9.1,20,26,60,,,,,,,,,,,,,,
20210509,강원도 춘천시,16,7,9.1,19,26,60,,,,,,,,,,,,,,
20120430,강원도 인제군,10,5,9.1,21,37,60,,,,,,,,,,,,,,
20150314,강원도 홍천군,59,15,8.1,7,29,60,,,,,,,,,,,,,,
20210219,강원도 철원군,12,2,9.2,11,31,60,,,,,,,,,,,,,,
20180119,강원도 삼척시,15,26,8,3,41,59,,,,,,,,,,,,,,
20180805,강원도 삼척시,10,10,10.3,35,48,59,,,,,,,,,,,,,,
20160129,강원도 강릉시,9,9,8.2,3,38,59,,,,,,,,,,,,,,
20111008,강원도 원주시,18,18,9.8,20,34,59,,,,,,,,,,,,,,
20160617,강원도 인제군,16,10,4.2,28,49,59,,,,,,,,,,,,,,
20150309,강원도 강릉시,10,7,8.1,8,21,59,,,,,,,,,,,,,,
20171229,강원도 강릉시,11,11,8.2,5,46,59,,,,,,,,,,,,,,
20120420,강원도 강릉시,25,13,8.8,22,33,58,,,,,,,,,,,,,,
20140425,강원도 양양군,50,5,6,18,0,58,,,,,,,,,,,,,,
20111007,강원도 고성군,18,18,8.1,21,31,58,,,,,,,,,,,,,,
20150329,강원도 강릉시,30,17,8.1,18,29,58,,,,,,,,,,,,,,
20140307,강원도 춘천시,21,9,8.3,5,23,58,,,,,,,,,,,,,,
20160329,강원도 태백시,12,12,6.4,17,37,58,,,,,,,,,,,,,,
20140302,강원도 인제군,19,9,8.3,8,28,58,,,,,,,,,,,,,,
20120528,강원도 원주시,23,13,7.2,15,82,58,,,,,,,,,,,,,,
20200319,강원도 평창군,18,10,7.1,14,44,58,,,,,,,,,,,,,,
20160620,강원도 원주시,10,10,4.8,29,36,58,,,,,,,,,,,,,,
20120219,강원도 원주시,51,42,4.8,-5,25,58,,,,,,,,,,,,,,
20220424,강원도 춘천시,5,7,7.9,23,39,58,,,,,,,,,,,,,,
20170623,강원도 횡성군,25,25,7.4,32,34,57,,,,,,,,,,,,,,
20180401,강원도 홍천군,18,13,8.7,20,57,57,,,,,,,,,,,,,,
20200430,강원도 동해시,32,17,7.1,24,43,57,,,,,,,,,,,,,,
20111115,강원도 철원군,23,13,9.2,10,23,57,,,,,,,,,,,,,,
20140113,강원도 양구군,47,16,6.2,0,0,56,,,,,,,,,,,,,,
20190516,강원도 속초시,56,7,5.6,23,46,56,,,,,,,,,,,,,,
20170412,강원도 강릉시,18,9,7.2,12,12,56,,,,,,,,,,,,,,
20141029,강원도 춘천시,47,18,5.9,17,46,56,,,,,,,,,,,,,,
20190710,강원도 평창군,28,23,6.8,14,94,56,,,,,,,,,,,,,,
20190506,강원도 홍천군,9,8,5.5,15,34,56,,,,,,,,,,,,,,
20120408,강원도 원주시,5,2,12.3,21,14,56,,,,,,,,,,,,,,
20130110,강원도 홍천군,6,5,5.5,-4,27,56,,,,,,,,,,,,,,
20220226,강원도 횡성군,23,18,5,-3,99,55,,,,,,,,,,,,,,
20170114,강원도 홍천군,11,11,5.9,-3,30,55,,,,,,,,,,,,,,
20160629,강원도 강릉시,36,9,5.1,30,52,55,,,,,,,,,,,,,,
20180421,강원도 춘천시,30,10,9.3,22,28,55,,,,,,,,,,,,,,
20160327,강원도 춘천시,56,11,11.3,12,16,55,,,,,,,,,,,,,,
20150622,강원도 강릉시,13,13,7.1,31,30,55,,,,,,,,,,,,,,
20120621,강원도 속초시,17,17,5.5,20,82,55,,,,,,,,,,,,,,
20150927,강원도 영월군,25,23,5.4,22,50,55,,,,,,,,,,,,,,
20150329,강원도 홍천군,6,4,8.2,16,39,55,,,,,,,,,,,,,,
20220424,강원도 원주시,33,9,9.5,20,53,54,,,,,,,,,,,,,,
20170604,강원도 횡성군,40,5,7.9,24,30,54,,,,,,,,,,,,,,
20160406,강원도 횡성군,42,6,6.6,0,0,54,,,,,,,,,,,,,,
20150319,강원도 고성군,55,10,6,20,30,54,,,,,,,,,,,,,,
20210417,강원도 인제군,10,10,6.6,9,62,54,,,,,,,,,,,,,,
20210417,강원도 강릉시,9,9,4.8,9,62,54,,,,,,,,,,,,,,
20110514,강원도 영월군,15,4,7.4,23,0,54,,,,,,,,,,,,,,
20210116,강원도 인제군,11,11,10.2,-2,69,54,,,,,,,,,,,,,,
20210116,강원도 양구군,11,11,10.2,-2,69,54,,,,,,,,,,,,,,
20130115,강원도 고성군,18,3,6.4,2,41,54,,,,,,,,,,,,,,
20121024,강원도 홍천군,26,2,8.1,13,60,54,,,,,,,,,,,,,,
20180104,강원도 영월군,7,1,8.4,-10,70,53,,,,,,,,,,,,,,
20120228,강원도 춘천시,39,22,8.2,6,52,53,,,,,,,,,,,,,,
20210425,강원도 화천군,42,9,7.6,13,41,53,,,,,,,,,,,,,,
20210417,강원도 춘천시,42,16,8.8,14,29,53,,,,,,,,,,,,,,
20210417,강원도 춘천시,42,16,6.7,13,29,53,,,,,,,,,,,,,,
20160521,강원도 강릉시,15,10,8.5,0,0,53,,,,,,,,,,,,,,
20160304,강원도 고성군,22,18,6.4,18,26,53,,,,,,,,,,,,,,
20140511,강원도 양구군,15,15,7.8,17,72,53,,,,,,,,,,,,,,
20201212,강원도 춘천시,24,11,4.7,3,42,53,,,,,,,,,,,,,,
20140303,강원도 횡성군,27,27,6.7,10,60,53,,,,,,,,,,,,,,
20140528,강원도 원주시,80,30,7.8,25,0,53,,,,,,,,,,,,,,
20110612,강원도 인제군,13,13,5.1,19,75,53,,,,,,,,,,,,,,
20180603,강원도 홍천군,15,12,8.6,22,50,52,,,,,,,,,,,,,,
20160920,강원도 홍천군,25,18,6.6,23,35,52,,,,,,,,,,,,,,
20210422,강원도 홍천군,14,7,7.8,26,31,52,,,,,,,,,,,,,,
20210422,강원도 춘천시,13,7,7.8,25,31,52,,,,,,,,,,,,,,
20120222,강원도 정선군,45,30,6.6,6,67,52,,,,,,,,,,,,,,
20140610,강원도 홍천군,8,8,5.4,23,68,52,,,,,,,,,,,,,,
20200410,강원도 고성군,12,12,9.5,4,75,52,,,,,,,,,,,,,,
20210421,강원도 정선군,30,30,7.8,26,17,52,,,,,,,,,,,,,,
20210421,강원도 홍천군,30,30,7.8,25,17,52,,,,,,,,,,,,,,
20140402,강원도 정선군,31,29,10.4,23,15,52,,,,,,,,,,,,,,
20220620,강원도 평창군,29,17,4.2,25,68,51,,,,,,,,,,,,,,
20200411,강원도 강릉시,15,3,6,15,32,51,,,,,,,,,,,,,,
20201010,강원도 정선군,33,3,8.6,18,56,51,,,,,,,,,,,,,,
20140310,강원도 영월군,13,13,8,5,21,51,,,,,,,,,,,,,,
20120530,강원도 영월군,8,8,11.8,15,87,51,,,,,,,,,,,,,,
20160312,강원도 영월군,7,3,6.4,5,56,51,,,,,,,,,,,,,,
20150617,강원도 철원군,43,43,6.9,30,43,51,,,,,,,,,,,,,,
20160606,강원도 정선군,10,10,4.2,27,32,51,,,,,,,,,,,,,,
20120508,강원도 철원군,75,33,6.4,21,52,51,,,,,,,,,,,,,,
20170429,강원도 횡성군,14,6,8.1,11,63,51,,,,,,,,,,,,,,
20220517,강원도 원주시,27,27,11.2,16,59,50,,,,,,,,,,,,,,
20141109,강원도 원주시,36,22,7.9,14,0,50,,,,,,,,,,,,,,
20220118,강원도 영월군,18,4,6.4,1,22,50,,,,,,,,,,,,,,
20120507,강원도 원주시,8,8,6.4,24,20,50,,,,,,,,,,,,,,
20131101,강원도 횡성군,52,20,3.6,16,69,50,,,,,,,,,,,,,,
20190524,강원도 고성군,6,6,8,31,28,50,,,,,,,,,,,,,,
20121014,강원도 화천군,9,3,8.1,20,51,50,,,,,,,,,,,,,,
20210607,강원도 양구군,22,7,6.5,25,62,50,,,,,,,,,,,,,,
20210607,강원도 삼척시,21,6,6.5,25,62,50,,,,,,,,,,,,,,
20190505,강원도 인제군,34,8,8.6,21,50,49,,,,,,,,,,,,,,
20160129,강원도 정선군,30,19,9.2,0,0,49,,,,,,,,,,,,,,
20200608,강원도 홍천군,59,59,7.9,32,45,49,,,,,,,,,,,,,,
20130506,강원도 고성군,6,6,3.8,8,78,49,,,,,,,,,,,,,,
20210330,강원도 강릉시,9,4,8.8,18,22,49,,,,,,,,,,,,,,
20120528,강원도 강릉시,16,16,7.2,25,75,49,,,,,,,,,,,,,,
20140505,강원도 춘천시,67,17,7.8,8,68,49,,,,,,,,,,,,,,
20181231,강원도 춘천시,13,13,8.7,2,11,49,,,,,,,,,,,,,,
20210608,강원도 정선군,26,0,7.9,19,78,48,,,,,,,,,,,,,,
20210608,강원도 양양군,26,0,7.3,18,78,48,,,,,,,,,,,,,,
20210112,강원도 강릉시,28,28,6.5,-8,59,48,,,,,,,,,,,,,,
20210112,강원도 횡성군,27,27,8.1,-7,59,48,,,,,,,,,,,,,,
20220110,강원도 화천군,47,2,8.4,2,25,48,,,,,,,,,,,,,,
20220104,강원도 홍천군,3,3,6.4,-3,70,48,,,,,,,,,,,,,,
20150607,강원도 춘천시,22,15,6.9,15,96,48,,,,,,,,,,,,,,
20110608,강원도 원주시,32,32,5.4,27,31,48,,,,,,,,,,,,,,
20130514,강원도 춘천시,49,14,5.5,17,39,47,,,,,,,,,,,,,,
20141115,강원도 화천군,40,9,4.9,-3,97,47,,,,,,,,,,,,,,
20150604,강원도 홍천군,35,18,6.9,27,29,47,,,,,,,,,,,,,,
20131204,강원도 강릉시,10,22,5.7,12,31,47,,,,,,,,,,,,,,
20200404,강원도 홍천군,12,6,10.6,2,81,46,,,,,,,,,,,,,,
20160404,강원도 원주시,33,8,6.7,16,50,46,,,,,,,,,,,,,,
20170509,강원도 원주시,17,13,6.3,13,63,46,,,,,,,,,,,,,,
20130401,강원도 횡성군,5,5,4.8,15,19,46,,,,,,,,,,,,,,
20160113,강원도 화천군,17,11,6.5,-3,0,46,,,,,,,,,,,,,,
20110226,강원도 영월군,8,2,5.3,14,23,46,,,,,,,,,,,,,,
20170423,강원도 양양군,8,4,8.1,0,0,46,,,,,,,,,,,,,,
20130508,강원도 철원군,10,4,6,24,32,46,,,,,,,,,,,,,,
20200623,강원도 철원군,12,9,8.9,20,83,46,,,,,,,,,,,,,,
20220424,강원도 평창군,17,2,7.9,24,39,46,,,,,,,,,,,,,,
20200122,강원도 홍천군,7,4,8,6,48,46,,,,,,,,,,,,,,
20190519,강원도 삼척시,13,11,8.4,22,63,46,,,,,,,,,,,,,,
20190309,강원도 횡성군,9,10,10.6,8,15,46,,,,,,,,,,,,,,
20161121,강원도 춘천시,10,7,7.3,7,60,46,,,,,,,,,,,,,,
20141029,강원도 원주시,51,6,3.9,10,46,45,,,,,,,,,,,,,,
20201011,강원도 영월군,16,16,5.2,8,94,45,,,,,,,,,,,,,,
20170508,강원도 영월군,11,11,5.2,19,51,45,,,,,,,,,,,,,,
20160120,강원도 영월군,10,9,8,-8,40,45,,,,,,,,,,,,,,
20111031,강원도 원주시,28,15,5.2,18,42,45,,,,,,,,,,,,,,
20111027,강원도 평창군,44,5,5.2,8,30,45,,,,,,,,,,,,,,
20190503,강원도 횡성군,8,4,8.4,20,24,45,,,,,,,,,,,,,,
20170410,강원도 화천군,23,6,7.6,15,20,44,,,,,,,,,,,,,,
20150505,강원도 철원군,36,6,11,17,29,44,,,,,,,,,,,,,,
20170521,강원도 평창군,5,4,8.4,28,40,44,,,,,,,,,,,,,,
20170311,강원도 원주시,9,7,6.6,8,25,44,,,,,,,,,,,,,,
20111017,강원도 철원군,73,17,5.2,14,19,44,,,,,,,,,,,,,,
20141025,강원도 강릉시,24,5,5.9,25,25,44,,,,,,,,,,,,,,
20150430,강원도 인제군,51,6,5.6,9,98,44,,,,,,,,,,,,,,
20170603,강원도 춘천시,26,24,8,19,63,44,,,,,,,,,,,,,,
20150311,강원도 철원군,2,2,8,5,14,44,,,,,,,,,,,,,,
20151015,강원도 춘천시,22,6,5.6,17,64,43,,,,,,,,,,,,,,
20140305,강원도 횡성군,32,32,8.3,0,0,43,,,,,,,,,,,,,,
20131029,강원도 원주시,19,19,3.2,16,55,43,,,,,,,,,,,,,,
20190509,강원도 원주시,39,5,5.5,18,35,43,,,,,,,,,,,,,,
20180207,강원도 홍천군,24,2,5,-11,48,43,,,,,,,,,,,,,,
20120519,강원도 춘천시,15,6,7.2,22,44,43,,,,,,,,,,,,,,
20170429,강원도 홍천군,13,12,7.2,24,25,42,,,,,,,,,,,,,,
20170429,강원도 철원군,16,10,7.2,23,12,42,,,,,,,,,,,,,,
20160317,강원도 철원군,11,10,6.4,14,0,42,,,,,,,,,,,,,,
20180623,강원도 홍천군,23,0,8.6,21,61,42,,,,,,,,,,,,,,
20210319,강원도 춘천시,11,3,6,16,33,42,,,,,,,,,,,,,,
20190531,강원도 춘천시,9,9,8,16,63,42,,,,,,,,,,,,,,
20170503,강원도 춘천시,8,8,8.4,28,17,42,,,,,,,,,,,,,,
20150105,강원도 홍천군,21,6,7.7,0,0,42,,,,,,,,,,,,,,
20150505,강원도 동해시,5,5,13.1,21,28,41,,,,,,,,,,,,,,
20120409,강원도 횡성군,60,28,7.8,17,29,41,,,,,,,,,,,,,,
20210210,강원도 춘천시,23,23,6.5,6,70,41,,,,,,,,,,,,,,
20210210,강원도 홍천군,23,23,7.9,6,70,41,,,,,,,,,,,,,,
20141028,강원도 홍천군,25,25,4.5,14,0,41,,,,,,,,,,,,,,
20120511,강원도 홍천군,20,5,6.9,11,92,41,,,,,,,,,,,,,,
20170410,강원도 홍천군,40,30,7.2,20,11,41,,,,,,,,,,,,,,
20151222,강원도 고성군,4,4,7.7,10,49,41,,,,,,,,,,,,,,
20120614,강원도 정선군,56,11,5.5,20,63,40,,,,,,,,,,,,,,
20180127,강원도 홍천군,25,0,8.4,-4,26,40,,,,,,,,,,,,,,
20170506,강원도 철원군,28,10,6.3,20,20,40,,,,,,,,,,,,,,
20160201,강원도 동해시,29,6,5.5,0,0,40,,,,,,,,,,,,,,
20150511,강원도 홍천군,22,3,7.5,22,53,40,,,,,,,,,,,,,,
20170506,강원도 횡성군,1,8,9.5,23,14,40,,,,,,,,,,,,,,
20140531,강원도 철원군,22,7,11.2,29,36,40,,,,,,,,,,,,,,
20130109,강원도 홍천군,9,7,5.5,-7,44,40,,,,,,,,,,,,,,
20130109,강원도 원주시,6,6,5.5,-7,44,40,,,,,,,,,,,,,,
20111214,강원도 원주시,20,6,5.3,2,61,39,,,,,,,,,,,,,,
20131201,강원도 영월군,8,4,5.7,7,38,39,,,,,,,,,,,,,,
20180418,강원도 강릉시,51,11,5.3,20,16,38,,,,,,,,,,,,,,
20201018,강원도 강릉시,16,16,5,18,42,38,,,,,,,,,,,,,,
20140410,강원도 고성군,1,7,6,20,23,38,,,,,,,,,,,,,,
20140327,강원도 홍천군,1,9,8.3,21,27,38,,,,,,,,,,,,,,
20160610,강원도 홍천군,32,14,4.8,30,29,38,,,,,,,,,,,,,,
20190709,강원도 인제군,28,0,6.8,19,62,38,,,,,,,,,,,,,,
20120529,강원도 인제군,35,10,7.2,18,80,38,,,,,,,,,,,,,,
20170410,강원도 동해시,67,26,7.2,20,24,38,,,,,,,,,,,,,,
20130104,강원도 동해시,7,2,5.9,-1,33,38,,,,,,,,,,,,,,
20160122,강원도 횡성군,11,7,8,-3,29,37,,,,,,,,,,,,,,
20210604,강원도 횡성군,3,3,4.1,26,29,37,,,,,,,,,,,,,,
20181217,강원도 철원군,22,15,8.7,0,72,37,,,,,,,,,,,,,,
20150314,강원도 홍천군,6,6,8,0,0,37,,,,,,,,,,,,,,
20110123,강원도 홍천군,9,9,9.2,-1,30,37,,,,,,,,,,,,,,
20120523,강원도 정선군,45,15,6.5,15,79,36,,,,,,,,,,,,,,
20121102,강원도 정선군,56,8,3.6,3,71,36,,,,,,,,,,,,,,
20131124,강원도 삼척시,30,25,3.7,-1,78,36,,,,,,,,,,,,,,
20180427,강원도 삼척시,7,6,13,9,77,36,,,,,,,,,,,,,,
20130422,강원도 홍천군,8,5,6,17,23,36,,,,,,,,,,,,,,
20160223,강원도 홍천군,49,9,5.4,-4,65,35,,,,,,,,,,,,,,
20170221,강원도 철원군,7,7,11.4,1,72,35,,,,,,,,,,,,,,
20190227,강원도 고성군,20,20,6.7,3,68,35,,,,,,,,,,,,,,
20111013,강원도 고성군,20,20,5.2,16,79,34,,,,,,,,,,,,,,
20170317,강원도 강릉시,13,15,6.6,13,35,34,,,,,,,,,,,,,,
20150526,강원도 강릉시,21,8,6.8,28,0,34,,,,,,,,,,,,,,
20210412,강원도 원주시,16,8,5.3,13,42,34,,,,,,,,,,,,,,
20160823,강원도 양양군,30,30,5.4,33,20,34,,,,,,,,,,,,,,
20210220,강원도 화천군,20,20,6.1,6,76,34,,,,,,,,,,,,,,
20131108,강원도 화천군,18,4,7.7,9,87,34,,,,,,,,,,,,,,
20160429,강원도 양양군,75,35,7.2,21,20,34,,,,,,,,,,,,,,
20180728,강원도 강릉시,8,8,9.3,29,84,34,,,,,,,,,,,,,,
20180621,강원도 양양군,30,10,6.5,22,46,34,,,,,,,,,,,,,,
20140101,강원도 강릉시,8,4,7.9,0,0,34,,,,,,,,,,,,,,
20121127,강원도 양양군,8,8,7.7,5,19,33,,,,,,,,,,,,,,
20210420,강원도 홍천군,7,6,5.3,14,53,33,,,,,,,,,,,,,,
20210312,강원도 양양군,18,24,8.8,7,62,33,,,,,,,,,,,,,,
20210312,강원도 화천군,18,24,8.8,7,62,33,,,,,,,,,,,,,,
20120527,강원도 춘천시,13,13,6.4,18,62,33,,,,,,,,,,,,,,
20160521,강원도 화천군,52,8,8.5,0,0,33,,,,,,,,,,,,,,
20151205,강원도 철원군,75,17,5.5,0,0,33,,,,,,,,,,,,,,
20120124,강원도 원주시,57,15,5.1,-6,23,33,,,,,,,,,,,,,,
20170212,강원도 정선군,11,7,10.9,2,47,32,,,,,,,,,,,,,,
20141029,강원도 정선군,36,23,8.3,19,23,32,,,,,,,,,,,,,,
20190509,강원도 화천군,21,28,8.8,20,31,32,,,,,,,,,,,,,,
20120527,강원도 화천군,35,35,6.1,21,68,32,,,,,,,,,,,,,,
20190313,강원도 홍천군,8,6,8.4,,9,32,,,,,,,,,,,,,,
20160126,강원도 홍천군,20,18,8,-15,74,32,,,,,,,,,,,,,,
20200429,강원도 영월군,33,27,7.1,21,29,32,,,,,,,,,,,,,,
20160520,강원도 영월군,12,9,7.5,29,20,32,,,,,,,,,,,,,,
20120327,강원도 영월군,5,5,10.9,11,9,32,,,,,,,,,,,,,,
20181208,강원도 영월군,18,4,8.7,-1,15,32,,,,,,,,,,,,,,
20130309,강원도 원주시,7,7,6,7,77,32,,,,,,,,,,,,,,
20120113,강원도 홍천군,18,3,7.4,5,37,32,,,,,,,,,,,,,,
20190604,강원도 홍천군,10,10,7.4,28,44,31,,,,,,,,,,,,,,
20190214,강원도 철원군,62,48,5.9,-3,0,31,,,,,,,,,,,,,,
20180411,강원도 삼척시,11,11,8.7,0,0,31,,,,,,,,,,,,,,
20210418,강원도 삼척시,16,16,5.3,13,30,31,,,,,,,,,,,,,,
20210418,강원도 양구군,16,16,5.3,12,30,31,,,,,,,,,,,,,,
20190225,강원도 양구군,4,4,6.6,8,38,31,,,,,,,,,,,,,,
20180329,강원도 정선군,17,6,9.3,17,61,30,,,,,,,,,,,,,,
20151206,강원도 정선군,2,1,7.7,6,64,30,,,,,,,,,,,,,,
20120127,강원도 횡성군,12,10,7.4,-4,56,30,,,,,,,,,,,,,,
20200703,강원도 화천군,5,3,6.3,27,36,29,,,,,,,,,,,,,,
20150614,강원도 원주시,43,7,5.4,18,0,29,,,,,,,,,,,,,,
20180318,강원도 양양군,40,6,8.9,11,46,29,,,,,,,,,,,,,,
20160522,강원도 정선군,12,9,8.5,31,24,29,,,,,,,,,,,,,,
20210219,강원도 홍천군,5,8,7.9,7,32,29,,,,,,,,,,,,,,
20170423,강원도 홍천군,6,6,7.8,5,45,28,,,,,,,,,,,,,,
20210421,강원도 평창군,5,5,6.6,27,9,28,,,,,,,,,,,,,,
20210421,강원도 평창군,5,5,7.8,27,9,28,,,,,,,,,,,,,,
20160604,강원도 정선군,23,10,6.5,0,0,28,,,,,,,,,,,,,,
20151022,강원도 정선군,30,11,6.9,16,59,28,,,,,,,,,,,,,,
20120506,강원도 횡성군,23,23,8.3,24,12,28,,,,,,,,,,,,,,
20210220,강원도 횡성군,19,11,7.9,9,34,28,,,,,,,,,,,,,,
20210421,강원도 홍천군,22,4,5.3,28,20,28,,,,,,,,,,,,,,
20121021,강원도 홍천군,17,8,6.7,21,52,28,,,,,,,,,,,,,,
20160401,강원도 원주시,52,6,7.2,0,0,28,,,,,,,,,,,,,,
20110620,강원도 원주시,50,10,4.4,23,70,28,,,,,,,,,,,,,,
20180207,강원도 평창군,7,7,12.2,-4,21,28,,,,,,,,,,,,,,
20150309,강원도 양구군,17,17,7.9,9,49,27,,,,,,,,,,,,,,
20131124,강원도 평창군,43,6,6.3,8,43,27,,,,,,,,,,,,,,
20160123,강원도 양구군,20,12,8,-11,28,27,,,,,,,,,,,,,,
20150102,강원도 원주시,18,5,5.8,0,0,27,,,,,,,,,,,,,,
20120308,강원도 화천군,25,5,9.3,6,40,27,,,,,,,,,,,,,,
20160402,강원도 화천군,52,6,7.2,0,0,27,,,,,,,,,,,,,,
20120530,강원도 철원군,60,10,6.4,17,78,27,,,,,,,,,,,,,,
20140101,강원도 철원군,5,3,7.9,4,24,27,,,,,,,,,,,,,,
20191220,강원도 원주시,8,8,8.2,1,32,26,,,,,,,,,,,,,,
20120427,강원도 원주시,0,45,8.8,19,38,26,,,,,,,,,,,,,,
20210420,강원도 평창군,5,3,5.3,21,28,26,,,,,,,,,,,,,,
20150929,강원도 원주시,25,15,5.2,28,39,26,,,,,,,,,,,,,,
20120430,강원도 원주시,13,6,9.1,18,59,26,,,,,,,,,,,,,,
20171120,강원도 인제군,5,6,9.6,1,27,26,,,,,,,,,,,,,,
20140315,강원도 인제군,7,1,7.9,11,25,26,,,,,,,,,,,,,,
20131120,강원도 삼척시,4,3,6.5,5,30,26,,,,,,,,,,,,,,
20130507,강원도 삼척시,9,4,5,17,56,26,,,,,,,,,,,,,,
20210401,강원도 인제군,25,13,10.6,15,31,25,,,,,,,,,,,,,,
20220306,강원도 인제군,17,17,5.8,4,16,25,,,,,,,,,,,,,,
20130504,강원도 삼척시,47,8,11.9,15,36,25,,,,,,,,,,,,,,
20120410,강원도 삼척시,61,6,4.8,17,38,25,,,,,,,,,,,,,,
20210221,강원도 삼척시,8,5,6.5,17,31,25,,,,,,,,,,,,,,
20150610,강원도 삼척시,28,20,10.1,24,0,25,,,,,,,,,,,,,,
20130413,강원도 횡성군,2,1,6,19,15,25,,,,,,,,,,,,,,
20210409,강원도 횡성군,16,4,9.1,9,41,24,,,,,,,,,,,,,,
20160424,강원도 철원군,75,32,7.2,6,70,24,,,,,,,,,,,,,,
20180607,강원도 철원군,30,19,8,28,49,24,,,,,,,,,,,,,,
20170318,강원도 홍천군,23,10,8.1,17,23,24,,,,,,,,,,,,,,
20210219,강원도 홍천군,10,8,9.2,5,41,24,,,,,,,,,,,,,,
20151215,강원도 철원군,7,5,7.7,11,67,24,,,,,,,,,,,,,,
20210123,강원도 철원군,19,9,10.2,3,74,23,,,,,,,,,,,,,,
20181130,강원도 태백시,5,4,5.6,3,48,23,,,,,,,,,,,,,,
20131206,강원도 태백시,11,4,3.4,4,0,23,,,,,,,,,,,,,,
20220215,강원도 횡성군,10,10,8.1,-2,55,23,,,,,,,,,,,,,,
20120608,강원도 횡성군,42,15,6.3,23,60,23,,,,,,,,,,,,,,
20130308,강원도 속초시,48,5,10.3,11,42,23,,,,,,,,,,,,,,
20170429,강원도 강릉시,18,12,13,22,33,23,,,,,,,,,,,,,,
20150325,강원도 강릉시,6,5,6.4,14,19,22,,,,,,,,,,,,,,
20200129,강원도 홍천군,14,14,5.9,8,53,22,,,,,,,,,,,,,,
20200508,강원도 홍천군,9,9,7.4,27,11,22,,,,,,,,,,,,,,
20150927,강원도 정선군,18,0,12.5,25,32,22,,,,,,,,,,,,,,
20140720,강원도 인제군,11,9,6.5,34,44,22,,,,,,,,,,,,,,
20210211,강원도 춘천시,15,15,7.9,8,47,22,,,,,,,,,,,,,,
20210218,강원도 평창군,7,7,6.5,-8,43,22,,,,,,,,,,,,,,
20190504,강원도 정선군,15,15,11,19,81,22,,,,,,,,,,,,,,
20130328,강원도 횡성군,2,2,6,4,37,22,,,,,,,,,,,,,,
20220118,강원도 춘천시,24,12,7.1,-3,36,21,,,,,,,,,,,,,,
20220323,강원도 인제군,14,14,8.4,7,44,21,,,,,,,,,,,,,,
20210219,강원도 춘천시,7,7,8.4,3,64,21,,,,,,,,,,,,,,
20130303,강원도 정선군,3,3,6.4,7,34,21,,,,,,,,,,,,,,
20200531,강원도 춘천시,11,6,8.7,25,54,20,,,,,,,,,,,,,,
20170504,강원도 양양군,8,8,8.4,12,71,20,,,,,,,,,,,,,,
20210622,강원도 평창군,33,10,5.4,23,69,19,,,,,,,,,,,,,,
20140612,강원도 화천군,17,8,5.4,26,52,19,,,,,,,,,,,,,,
20120527,강원도 영월군,12,12,6.4,18,62,19,,,,,,,,,,,,,,
20120527,강원도 원주시,11,11,6.4,18,62,19,,,,,,,,,,,,,,
20140415,강원도 동해시,52,22,11.3,25,0,19,,,,,,,,,,,,,,
20130607,강원도 평창군,5,5,3,19,88,18,,,,,,,,,,,,,,
20160324,강원도 강릉시,20,13,5.3,0,0,18,,,,,,,,,,,,,,
20171130,강원도 홍천군,2,2,9.6,7,22,18,,,,,,,,,,,,,,
20170520,강원도 화천군,45,9,9.1,29,28,17,,,,,,,,,,,,,,
20160426,강원도 평창군,55,21,10.1,0,0,17,,,,,,,,,,,,,,
20210124,강원도 인제군,10,10,5.2,7,62,17,,,,,,,,,,,,,,
20210124,강원도 횡성군,9,9,8.6,7,62,17,,,,,,,,,,,,,,
20151011,강원도 강릉시,22,6,5.6,12,69,17,,,,,,,,,,,,,,
20120526,강원도 홍천군,11,9,6.8,25,16,16,,,,,,,,,,,,,,
20190504,강원도 강릉시,52,7,8,13,55,16,,,,,,,,,,,,,,
20141209,강원도 홍천군,54,6,4.7,-1,39,15,,,,,,,,,,,,,,
20130610,강원도 영월군,80,50,7.9,21,60,15,,,,,,,,,,,,,,
20110608,강원도 춘천시,14,13,5.2,20,54,15,,,,,,,,,,,,,,
20111225,강원도 홍천군,4,4,8.7,-6,27,15,,,,,,,,,,,,,,
20160506,강원도 홍천군,4,4,11.2,21,49,15,,,,,,,,,,,,,,
20130811,강원도 삼척시,64,46,7.2,29,33,15,,,,,,,,,,,,,,
20160518,강원도 강릉시,9,9,5.6,20,35,15,,,,,,,,,,,,,,
20150926,강원도 고성군,33,7,5.8,21,60,14,,,,,,,,,,,,,,
20140413,강원도 화천군,16,16,6.7,0,0,14,,,,,,,,,,,,,,
20130416,강원도 정선군,25,20,4.8,16,74,14,,,,,,,,,,,,,,
20111101,강원도 홍천군,55,5,5.5,0,0,14,,,,,,,,,,,,,,
20160605,강원도 고성군,10,5,4.7,17,82,14,,,,,,,,,,,,,,
20120531,강원도 양구군,10,2,9.1,19,69,14,,,,,,,,,,,,,,
20170620,강원도 인제군,36,9,5.1,31,38,13,,,,,,,,,,,,,,
20180622,강원도 춘천시,35,0,8.6,24,55,13,,,,,,,,,,,,,,
20171111,강원도 인제군,14,6,8.2,8,33,13,,,,,,,,,,,,,,
20170611,강원도 영월군,28,20,7.1,16,79,13,,,,,,,,,,,,,,
20151101,강원도 춘천시,17,3,8.1,13,33,13,,,,,,,,,,,,,,
20151106,강원도 춘천시,23,7,7,10,73,12,,,,,,,,,,,,,,
20130328,강원도 양양군,10,1,4.3,6,57,12,,,,,,,,,,,,,,
20130327,강원도 횡성군,10,1,4.3,8,46,12,,,,,,,,,,,,,,
20120129,강원도 강릉시,9,6,5.8,0,16,11,,,,,,,,,,,,,,
20161023,강원도 강릉시,25,25,5.2,12,66,11,,,,,,,,,,,,,,
20151017,강원도 영월군,15,10,5.6,25,21,11,,,,,,,,,,,,,,
20140531,강원도 철원군,80,30,7.8,25,40,11,,,,,,,,,,,,,,
20160105,강원도 태백시,40,2,8.2,-2,50,10,,,,,,,,,,,,,,
20131020,강원도 평창군,36,15,3.2,17,83,10,,,,,,,,,,,,,,
20131027,강원도 횡성군,48,10,3.2,4,93,10,,,,,,,,,,,,,,
20141031,강원도 홍천군,28,20,5.9,15,55,10,,,,,,,,,,,,,,
20180815,강원도 횡성군,20,20,3.3,28,75,9,,,,,,,,,,,,,,
20140910,강원도 원주시,28,23,5,26,0,9,,,,,,,,,,,,,,
20170508,강원도 철원군,7,4,8.4,21,26,9,,,,,,,,,,,,,,
20121227,강원도 삼척시,5,3,6.1,1,29,9,,,,,,,,,,,,,,
20160428,강원도 정선군,54,10,10.1,8,39,8,,,,,,,,,,,,,,
20150528,강원도 원주시,32,24,6.8,24,44,8,,,,,,,,,,,,,,
20171217,강원도 정선군,22,3,5.9,-8,43,8,,,,,,,,,,,,,,
20120527,강원도 인제군,33,5,11.8,18,80,7,,,,,,,,,,,,,,
20130316,강원도 정선군,15,7,4.2,13,31,7,,,,,,,,,,,,,,
20210214,강원도 강릉시,6,6,8.3,9,81,7,,,,,,,,,,,,,,
20180608,강원도 횡성군,18,18,6.5,20,64,7,,,,,,,,,,,,,,
20150602,강원도 홍천군,0,12,6.2,26,38,6,,,,,,,,,,,,,,
20130521,강원도 원주시,46,6,3.8,19,35,5,,,,,,,,,,,,,,
20140920,강원도 양양군,18,28,4.6,25,0,4,,,,,,,,,,,,,,
20160518,강원도 삼척시,29,12,5.6,27,35,3,,,,,,,,,,,,,,
20150113,강원도 정선군,51,20,4.6,0,0,0,,,,,,,,,,,,,,
20201116,강원도 강릉시,8,8,6.5,13,59,0,,,,,,,,,,,,,,
20200424,강원도 평창군,39,21,9.5,15,26,0,,,,,,,,,,,,,,
20200104,강원도 고성군,0,0,5.9,5,41,0,,,,,,,,,,,,,,
20210217,강원도 강릉시,5,3,6.5,-9,47,0,,,,,,,,,,,,,,
20180213,강원도 삼척시,38,6,10.9,-11,57,0,,,,,,,,,,,,,,
